brand,line,flags,sources,source_url
20 Acre Farm,(브랜드 단일),,cigarplace,https://www.cigarplace.biz/all-brands/20-acre-farm.html
2012 by Oscar Valladares Barber Pole,(브랜드 단일),,cigarplace,https://www.cigarplace.biz/all-brands/2012-by-oscar-valladares-barber-pole.html
2012 by Oscar Valladares Connecticut,(브랜드 단일),,cigarplace,https://www.cigarplace.biz/all-brands/2012-by-oscar-valladares-connecticut.html
2012 by Oscar Valladares Corojo,(브랜드 단일),,cigarplace,https://www.cigarplace.biz/all-brands/2012-by-oscar-valladares-corojo.html
2012 by Oscar Valladares Maduro,(브랜드 단일),,cigarplace,https://www.cigarplace.biz/all-brands/2012-by-oscar-valladares-maduro.html
2012 by Oscar Valladares Sumatra,(브랜드 단일),,cigarplace,https://www.cigarplace.biz/all-brands/2012-by-oscar-valladares-sumatra.html
601,Blue Label Maduro,,cigarpage,https://www.cigarpage.com/601-blue-label-maduro.html
601,Green Label Oscuro,,cigarpage,https://www.cigarpage.com/601-green-label-oscuro.html
601,Habano Oscuro Green Label,,cigarplace,https://www.cigarplace.biz/all-brands/601/601-habano-oscuro-green-label.html
601,Habano Red Label,,cigarplace,https://www.cigarplace.biz/all-brands/601/601-habano-red-label.html
601,La Bomba,,cigarpage+cigarplace,https://www.cigarplace.biz/all-brands/601/601-la-bomba.html
601,La Bomba Warhead 12,,cigarpage,https://www.cigarpage.com/espinosa-la-bomba-warhead-12.html
601,La Bomba Warhead 250 Independence Day,,cigarpage,https://www.cigarpage.com/601-la-bomba-warhead-250-independence-day.html
601,Maduro Blue,,cigarplace,https://www.cigarplace.biz/all-brands/601/601-maduro-blue.html
601,Red Label Habano,,cigarpage,https://www.cigarpage.com/601-red-label.html
A. Flores,Connecticut Valley Reserve Roja,,cigarpage,https://www.cigarpage.com/a-flores-connecticut-valley-reserve-roja.html
ACID,Krush Cigarillos,"cigarillo,infused",cigarpage,https://www.cigarpage.com/acid-krush-classic.html
ACID,Liquid Cigars,infused,cigarpage,https://www.cigarpage.com/acid-liquid-cigar-by-drew-estate.html
ACID,Twenty Connecticut,infused,cigarpage,https://www.cigarpage.com/acid-twenty-conn.html
ACID,Twenty Maduro,infused,cigarpage,https://www.cigarpage.com/acid-twenty.html
ACID Krush Classic,(브랜드 단일),infused,cigarplace,https://www.cigarplace.biz/all-brands/acid-krush-classic.html
ACID Opulence 3,(브랜드 단일),infused,cigarplace,https://www.cigarplace.biz/all-brands/acid-opulence-3.html
ACID Twenty,(브랜드 단일),infused,cigarplace,https://www.cigarplace.biz/all-brands/acid-twenty.html
ACID Twenty Connecticut Shade,(브랜드 단일),infused,cigarplace,https://www.cigarplace.biz/all-brands/acid-twenty-connecticut-shade.html
ADVentura,Barbarroja's Invasion,,cigarpage,https://www.cigarpage.com/adventura-barbarroja-s-invasion.html
ADVentura,Blackfin's Parlay,,cigarpage,https://www.cigarpage.com/adventura-blackfin-s-parlay.html
ADVentura,The Conqueror,,cigarpage,https://www.cigarpage.com/adventura-the-conqueror.html
ADVentura,The Explorer,,cigarpage,https://www.cigarpage.com/adventura-the-explorer.html
Aganorsa Leaf,Aniversario Connecticut,,cigarpage,https://www.cigarpage.com/aganorsa-leaf-anniversario-connecticut.html
Aganorsa Leaf,Aniversario Maduro,,cigarpage,https://www.cigarpage.com/aganorsa-leaf-aniversario-maduro.html
Aganorsa Leaf,Arsenio,,cigarpage,https://www.cigarpage.com/aganorsa-leaf-arsenio.html
Aganorsa Leaf,Buena Cosecha Corojo,,cigarplace,https://www.cigarplace.biz/all-brands/aganorsa-leaf-cigars/aganorsa-leaf-buena-cosecha-corojo.html
Aganorsa Leaf,La Validacion Connecticut,,cigarpage,https://www.cigarpage.com/aganorsa-leaf-la-validacion-connecticut-bp.html
Aganorsa Leaf,La Validacion Corojo,,cigarpage,https://www.cigarpage.com/aganorsa-leaf-la-validacion-corojo.html
Aganorsa Leaf,La Validacion Habano,,cigarpage,https://www.cigarpage.com/aganorsa-leaf-la-validacion-habano.html
Aganorsa Leaf,La Validacion Maduro,,cigarpage,https://www.cigarpage.com/aganorsa-leaf-la-validacion-maduro.html
Aganorsa Leaf,New Cuba Connecticut,,cigarpage,https://www.cigarpage.com/aganorsa-leaf-new-cub-connecticut.html
Aganorsa Leaf,New Cuba Corojo,,cigarpage,https://www.cigarpage.com/aganorsa-leaf-new-cub-corojo.html
Aganorsa Leaf,New Cuba Maduro,,cigarpage,https://www.cigarpage.com/aganorsa-leaf-new-cuba-maduro.html
Aganorsa Leaf,New Cuba Superior Connecticut,,cigarpage,https://www.cigarpage.com/aganorsa-leaf-new-cuba-superior.html
Aganorsa Leaf,Rare Leaf,,cigarpage,https://www.cigarpage.com/aganorsa-leaf-rare-leaf.html
Aganorsa Leaf,Rare Leaf Maduro,,cigarpage,https://www.cigarpage.com/aganorsa-leaf-rare-leaf-maduo.html
Aganorsa Leaf,Signature Selection,,cigarpage,https://www.cigarpage.com/aganorsa-leaf-signature-selection.html
Aganorsa Leaf,Signature Selection Corojo,,cigarplace,https://www.cigarplace.biz/all-brands/aganorsa-leaf-cigars/aganorsa-leaf-signature-selection-corojo.html
Aganorsa Leaf,Signature Selection Maduro,,cigarpage+cigarplace,https://www.cigarplace.biz/all-brands/aganorsa-leaf-cigars/aganorsa-leaf-signature-selection-maduro.html
Aging Room,Bin No. 2,,cigarpage,https://www.cigarpage.com/aging-room-bin-no-2.html
Aging Room,Core Connecticut,,cigarpage+cigarplace,https://www.cigarplace.biz/all-brands/aging-room/aging-room-core-connecticut.html
Aging Room,Core Habano,,cigarpage+cigarplace,https://www.cigarplace.biz/all-brands/aging-room/aging-room-core-habano.html
Aging Room,Core Maduro,,cigarplace,https://www.cigarplace.biz/all-brands/aging-room/aging-room-core-maduro.html
Aging Room,La Boheme,,cigarpage,https://www.cigarpage.com/la-boheme.html
Aging Room,Pura Cepa,,cigarplace,https://www.cigarplace.biz/all-brands/aging-room/aging-room-pura-cepa.html
Aging Room,Quattro Connecticut,,cigarplace,https://www.cigarplace.biz/all-brands/aging-room/aging-room-quattro-connecticut.html
Aging Room,Quattro Maduro,,cigarplace,https://www.cigarplace.biz/all-brands/aging-room/aging-room-quattro-maduro.html
Aging Room,Quattro Nicaragua,,cigarpage+cigarplace,https://www.cigarplace.biz/all-brands/aging-room/aging-room-quattro-nicaragua.html
Aging Room,Quattro Nicaragua Concerto,,cigarpage+cigarplace,https://www.cigarplace.biz/all-brands/aging-room/aging-room-quattro-nicaragua-concerto-1.html
Aging Room,Quattro Nicaragua Sonata,,cigarpage+cigarplace,https://www.cigarplace.biz/all-brands/aging-room/aging-room-quattro-nicaragua-sonata.html
Aging Room,Quattro Original,,cigarpage+cigarplace,https://www.cigarplace.biz/all-brands/aging-room/aging-room-quattro-original.html
Aging Room,Rare Collection,,cigarpage,https://www.cigarpage.com/aging-room-rare-collection.html
Aging Room,Solera Corojo,,cigarpage,https://www.cigarpage.com/aging-room-solera-corojo.html
Aging Room,Solera Shade,,cigarpage,https://www.cigarpage.com/aging-room-solera-shade.html
AJ Fernandez,Amar,,cigarpage,https://www.cigarpage.com/amar-by-aj-fernandez.html
AJ Fernandez,Bellas Artes,,cigarpage,https://www.cigarpage.com/aj-fernandez-bellas-artes.html
AJ Fernandez,Bellas Artes Maduro,,cigarpage,https://www.cigarpage.com/aj-fernandez-bellas-artes-maduro.html
AJ Fernandez,Dias De Gloria,,cigarpage,https://www.cigarpage.com/aj-fernandez-dias-de-gloria.html
AJ Fernandez,Dias De Gloria Brazil,,cigarpage,https://www.cigarpage.com/aj-fernandez-dias-de-gloria-brazil.html
AJ Fernandez,El Pulpo,,cigarpage,https://www.cigarpage.com/el-pulpo.html
AJ Fernandez,Enclave,,cigarpage,https://www.cigarpage.com/enclave-by-aj-fernandez.html
AJ Fernandez,Enclave Broadleaf,,cigarpage,https://www.cigarpage.com/enclave-broadleaf-by-aj-fernandez.html
AJ Fernandez,Last Call Habano,,cigarpage,https://www.cigarpage.com/last-call-habano-by-aj-fernandez.html
AJ Fernandez,Last Call Maduro,,cigarpage,https://www.cigarpage.com/last-call-maduro-by-aj-fernandez.html
AJ Fernandez,Nasser The Goat Connecticut,,cigarpage,https://www.cigarpage.com/aj-fernandez-the-goat-connecticut.html
AJ Fernandez,Nasser The Goat Maduro,,cigarpage,https://www.cigarpage.com/aj-fernandez-the-goat-maduro.html
AJ Fernandez,New World Cameroon,,cigarpage,https://www.cigarpage.com/new-world-by-aj-fernandez-cameroon.html
AJ Fernandez,New World Connecticut,,cigarpage,https://www.cigarpage.com/new-world-by-aj-fernandez-connecticut.html
AJ Fernandez,New World Decenio,,cigarpage,https://www.cigarpage.com/aj-fernandez-new-world-decenio.html
AJ Fernandez,New World Dorado,,cigarpage,https://www.cigarpage.com/aj-fernandez-new-world-dorado.html
AJ Fernandez,New World Oscuro,,cigarpage,https://www.cigarpage.com/new-world-by-aj-fernandez.html
AJ Fernandez,New World Puro Especial,,cigarpage,https://www.cigarpage.com/new-world-puro-especial-by-aj-fernandez.html
AJ Fernandez,San Lotano Requiem Connecticut,,cigarpage,https://www.cigarpage.com/san-lotano-connecticut.html
AJ Fernandez,San Lotano Requiem Habano,,cigarpage,https://www.cigarpage.com/san-lotano-habano.html
AJ Fernandez,San Lotano Requiem Maduro,,cigarpage,https://www.cigarpage.com/san-lotano-maduro.html
AJ Fernandez,San Lotano The Bull,,cigarpage,https://www.cigarpage.com/san-lotano-the-bull.html
AJ Fernandez,Viva La Vida,,cigarpage,https://www.cigarpage.com/cigars/aj-fernandez-viva-la-vida.html
AJ Fernandez,Viva La Vida 5 Years Anniversario,,cigarpage,https://www.cigarpage.com/cigars/aj-fernandez-viva-la-vida-5-years-anniversario.html
AJ Fernandez,Viva La Vida Connecticut,,cigarpage,https://www.cigarpage.com/cigars/aj-fernandez-viva-la-vida-connecticut.html
AJ Fernandez 20th Anniversary,(브랜드 단일),,cigarplace,https://www.cigarplace.biz/all-brands/aj-fernandez-20th-anniversary.html
Aladino,Cameroon,,cigarpage,https://www.cigarpage.com/aladino-cameroon.html
Aladino,Classic,,cigarpage,https://www.cigarpage.com/aladino-classic.html
Aladino,Connecticut,,cigarpage,https://www.cigarpage.com/aladino-connecticut.html
Aladino,Corojo,,cigarpage,https://www.cigarpage.com/aladino-corojo.html
Aladino,Corojo Reserva,,cigarpage,https://www.cigarpage.com/aladino-corojo-reserva.html
Aladino,Maduro,,cigarpage,https://www.cigarpage.com/aladino-maduro.html
Aladino,Vintage Selection,,cigarpage,https://www.cigarpage.com/aladino-vintage-selection.html
Alcazar,(브랜드 단일),unknown,cigarplace,https://www.cigarplace.biz/all-brands/alcazar-cigars.html
Alec Bradley,American Classic,,cigarpage+cigarplace,https://www.cigarplace.biz/all-brands/alec-bradley/alec-bradley-american-classic.html
Alec Bradley,American Sun Grown,,cigarpage+cigarplace,https://www.cigarplace.biz/all-brands/alec-bradley/alec-bradley-american-sun-grown.html
Alec Bradley,Black Market,,cigarpage+cigarplace,https://www.cigarplace.biz/all-brands/alec-bradley/alec-bradley-black-market.html
Alec Bradley,Black Market Esteli,,cigarpage+cigarplace,https://www.cigarplace.biz/all-brands/alec-bradley/alec-bradley-black-market-esteli.html
Alec Bradley,Black Market Filthy Hooligan,,cigarpage,https://www.cigarpage.com/alec-bradley-black-market-filthy-hooligan.html
Alec Bradley,Blind Faith,,cigarpage+cigarplace,https://www.cigarplace.biz/all-brands/alec-bradley/alec-bradley-blind-faith.html
Alec Bradley,Connecticut,,cigarpage+cigarplace,https://www.cigarplace.biz/all-brands/alec-bradley/alec-bradley-connecticut.html
Alec Bradley,Coyol,,cigarpage+cigarplace,https://www.cigarplace.biz/all-brands/alec-bradley/alec-bradley-coyol.html
Alec Bradley,Double Broadleaf,,cigarpage,https://www.cigarpage.com/alec-bradley-double-broadleaf.html
Alec Bradley,Gatekeeper,,cigarpage+cigarplace,https://www.cigarplace.biz/all-brands/alec-bradley/alec-bradley-gatekeeper.html
Alec Bradley,Kintsugi,,cigarpage+cigarplace,https://www.cigarplace.biz/all-brands/alec-bradley/alec-bradley-kintsugi.html
Alec Bradley,Magic Toast,,cigarpage+cigarplace,https://www.cigarplace.biz/all-brands/alec-bradley/alec-bradley-magic-toast.html
Alec Bradley,Maxx,,cigarplace,https://www.cigarplace.biz/all-brands/alec-bradley/alec-bradley-maxx.html
Alec Bradley,Medalist,,cigarpage,https://www.cigarpage.com/alec-bradley-medalist.html
Alec Bradley,Occidental Reserve,,cigarplace,https://www.cigarplace.biz/all-brands/alec-bradley/alec-bradley-occidental-reserve.html
Alec Bradley,Post Embargo,,cigarplace,https://www.cigarplace.biz/all-brands/alec-bradley/alec-bradley-post-embargo.html
Alec Bradley,Prensado,,cigarpage+cigarplace,https://www.cigarplace.biz/all-brands/alec-bradley/alec-bradley-prensado.html
Alec Bradley,Prensado Lost Art,,cigarpage+cigarplace,https://www.cigarplace.biz/all-brands/alec-bradley/alec-bradley-prensado-lost-art.html
Alec Bradley,Project 40,,cigarpage+cigarplace,https://www.cigarplace.biz/all-brands/alec-bradley/alec-bradley-project-40.html
Alec Bradley,Project 40 Maduro,,cigarpage+cigarplace,https://www.cigarplace.biz/all-brands/alec-bradley/alec-bradley-project-40-maduro.html
Alec Bradley,Sanctum,,cigarplace,https://www.cigarplace.biz/all-brands/alec-bradley/alec-bradley-sanctum.html
Alec Bradley,Tempus,,cigarpage,https://www.cigarpage.com/alec-bradley-tempus.html
Alec Bradley,Tempus Maduro,,cigarplace,https://www.cigarplace.biz/all-brands/alec-bradley/alec-bradley-tempus-maduro.html
Alec Bradley,Tempus Natural,,cigarplace,https://www.cigarplace.biz/all-brands/alec-bradley/alec-bradley-tempus-natural.html
Alec Bradley,Tempus Nicaragua,,cigarpage+cigarplace,https://www.cigarplace.biz/all-brands/alec-bradley/alec-bradley-tempus-nicaragua.html
Alec Bradley,Texas Lancero,,cigarpage+cigarplace,https://www.cigarplace.biz/all-brands/alec-bradley/alec-bradley-texas-lancero-129.html
Alec Bradley,The Lineage,,cigarpage+cigarplace,https://www.cigarplace.biz/all-brands/alec-bradley/alec-bradley-the-lineage.html
Alec Bradley,Thirty Years,,cigarpage,https://www.cigarpage.com/alec-bradley-thirty-years.html
Alec Bradley,Trilogy,,cigarpage,https://www.cigarpage.com/alec-bradley-trilogy.html
All Saints,Dedicacion,,cigarpage,https://www.cigarpage.com/all-saints-dedicacion.html
All Saints,Dedicacion Habano,,cigarpage,https://www.cigarpage.com/all-saints-dedicacion-habano.html
All Saints,Rerum Novarum,,cigarpage,https://www.cigarpage.com/all-saints-rerum-novarum.html
All Saints,St. Anne,,cigarpage,https://www.cigarpage.com/all-saints-st-anne.html
All Saints,St. Francis,,cigarpage,https://www.cigarpage.com/all-saints-st-francis.html
All Saints,St. Francis Colorado,,cigarpage,https://www.cigarpage.com/all-saints-st-francis-colorado-ks-snd.html
Altar Q by Oscar Valladares,(브랜드 단일),,cigarplace,https://www.cigarplace.biz/all-brands/altar-q-by-oscar-valladares.html
Amar by AJ Fernandez,(브랜드 단일),,cigarplace,https://www.cigarplace.biz/all-brands/amar-by-aj-fernandez.html
Ambrosia,(브랜드 단일),infused,cigarplace,https://www.cigarplace.biz/all-brands/ambrosia.html
Angelenos,(브랜드 단일),unknown,cigarpage,https://www.cigarpage.com/angelenos.html
Antihero,(브랜드 단일),unknown,cigarpage,https://www.cigarpage.com/antihero.html
Archetype Axis Mundi,(브랜드 단일),,cigarplace,https://www.cigarplace.biz/all-brands/archetype-axis-mundi.html
Arganese,(브랜드 단일),,cigarplace,https://www.cigarplace.biz/all-brands/arganese.html
Arturo Fuente,Anejo Xtra Viejo,,cigarplace,https://www.cigarplace.biz/all-brands/arturo-fuente/arturo-fuente-anejo-xtra-viejo.html
Arturo Fuente,Candela,,cigarpage,https://www.cigarpage.com/arturo-fuente-8-5-8-candela.html
Arturo Fuente,Casa Cuba,,cigarpage+cigarplace,https://www.cigarplace.biz/all-brands/arturo-fuente/arturo-fuente-casa-cuba.html
Arturo Fuente,Chateau Natural,,cigarpage,https://www.cigarpage.com/arturo-fuente-chateau-natural.html
Arturo Fuente,Don Carlos,,cigarpage+cigarplace,https://www.cigarplace.biz/all-brands/arturo-fuente/arturo-fuente-don-carlos.html
Arturo Fuente,Especiales,,cigarpage,https://www.cigarpage.com/arturo-fuente-especiales.html
Arturo Fuente,Gran Reserva Maduro,,cigarplace,https://www.cigarplace.biz/all-brands/arturo-fuente/arturo-fuente-gran-reserva-maduro.html
Arturo Fuente,Gran Reserva Natural,,cigarplace,https://www.cigarplace.biz/all-brands/arturo-fuente/arturo-fuente-gran-reserva-natural.html
Arturo Fuente,Gran Reserva Sun Grown,,cigarplace,https://www.cigarplace.biz/all-brands/arturo-fuente/arturo-fuente-gran-reserva-sun-grown.html
Arturo Fuente,Hemingway,,cigarpage,https://www.cigarpage.com/arturo-fuente-hemingway.html
Arturo Fuente,Hemingway Maduro,,cigarpage+cigarplace,https://www.cigarplace.biz/all-brands/arturo-fuente/arturo-fuente-hemingway-maduro.html
Arturo Fuente,Hemingway Natural,,cigarplace,https://www.cigarplace.biz/all-brands/arturo-fuente/arturo-fuente-hemingway-natural.html
Arturo Fuente,Hemingway Sun Grown,,cigarplace,https://www.cigarplace.biz/all-brands/arturo-fuente/arturo-fuente-hemingway-sun-grown.html
Arturo Fuente,It's a Boy/It's a Girl,,cigarpage,https://www.cigarpage.com/arturo-fuente-it-s-a-boy-it-s-a-girl.html
Arturo Fuente,Maduro,,cigarpage,https://www.cigarpage.com/arturo-fuente-maduro.html
Arturo Fuente,Opus X,,cigarplace,https://www.cigarplace.biz/all-brands/arturo-fuente/arturo-fuente-opus-x.html
Arturo Fuente,Opus X Angels Share,,cigarplace,https://www.cigarplace.biz/all-brands/arturo-fuente/arturo-fuente-opus-x-angels-share.html
Arturo Fuente,Opus X Destino al Siglo,,cigarplace,https://www.cigarplace.biz/all-brands/arturo-fuente/arturo-fuente-opus-x-destino-al-siglo.html
Arturo Fuente,Opus X Lost City,,cigarplace,https://www.cigarplace.biz/all-brands/arturo-fuente/arturo-fuente-opus-x-lost-city.html
Arturo Fuente,Opus X Oro Oscuro,,cigarplace,https://www.cigarplace.biz/all-brands/arturo-fuente/arturo-fuente-opus-x-oro-oscuro.html
Arturo Fuente,Rare Pink Vintage 1960's Series,,cigarplace,https://www.cigarplace.biz/all-brands/arturo-fuente/arturo-fuente-rare-pink-vintage-1960-s-series.html
Arturo Fuente,Rosado Sun Grown,,cigarpage,https://www.cigarpage.com/arturo-fuente-rosado-sun-grown.html
Arturo Fuente,Rosado Sun Grown 858,,cigarplace,https://www.cigarplace.biz/all-brands/arturo-fuente/arturo-fuente-rosado-sun-grown-858.html
Arturo Fuente,Rosado Sungrown Magnum R,,cigarplace,https://www.cigarplace.biz/all-brands/arturo-fuente/arturo-fuente-rosado-sungrown-magnum-r.html
Arturo Fuente,Seleccion Dor,,cigarpage,https://www.cigarpage.com/arturo-fuente-seleccion-dor.html
Arturo Fuente,Sun Grown,,cigarpage,https://www.cigarpage.com/arturo-fuente-sun-grown.html
Ashton,Aged Maduro,,cigarpage+cigarplace,https://www.cigarplace.biz/all-brands/ashton-cigars/ashton-aged-maduro.html
Ashton,Cabinet,,cigarpage+cigarplace,https://www.cigarplace.biz/all-brands/ashton-cigars/ashton-cabinet.html
Ashton,Classic,,cigarpage+cigarplace,https://www.cigarplace.biz/all-brands/ashton-cigars/ashton-classic.html
Ashton,Connecticut,,cigarplace,https://www.cigarplace.biz/all-brands/ashton-cigars/ashton-connecticut.html
Ashton,Estate Sun Grown,,cigarplace,https://www.cigarplace.biz/all-brands/ashton-cigars/ashton-estate-sun-grown.html
Ashton,Heritage Puro Sol,,cigarpage+cigarplace,https://www.cigarplace.biz/all-brands/ashton-cigars/ashton-heritage-puro-sol.html
Ashton,Symmetry,,cigarpage+cigarplace,https://www.cigarplace.biz/all-brands/ashton-cigars/ashton-symmetry.html
Ashton,Virgin Sun Grown,,cigarplace,https://www.cigarplace.biz/all-brands/ashton-cigars/ashton-virgin-sun-grown.html
Ashton,VSG,,cigarpage,https://www.cigarpage.com/ashton-vsg-ks-ahv.html
Asylum,12,,cigarpage,https://www.cigarpage.com/asylum-12.html
Asylum,13,,cigarplace,https://www.cigarplace.biz/all-brands/asylum-cigars/asylum-13.html
Asylum,13 Authentic Corojo,,cigarplace,https://www.cigarplace.biz/all-brands/asylum-cigars/asylum-13-authentic-corojo.html
Asylum,13 Connecticut,,cigarpage+cigarplace,https://www.cigarplace.biz/all-brands/asylum-cigars/asylum-13-connecticut.html
Asylum,13 Corojo,,cigarpage,https://www.cigarpage.com/asylum-13-corojo.html
Asylum,13 Medulla,,cigarpage+cigarplace,https://www.cigarplace.biz/all-brands/asylum-cigars/asylum-13-medulla.html
Asylum,13 Medulla Maduro,,cigarpage+cigarplace,https://www.cigarplace.biz/all-brands/asylum-cigars/asylum-13-medulla-maduro.html
Asylum,13 Megalophobia,,cigarplace,https://www.cigarplace.biz/all-brands/asylum-cigars/asylum-13-megalophobia.html
Asylum,13 Nicaragua,,cigarpage,https://www.cigarpage.com/asylum-13-nicaragua.html
Asylum,13 Oblongata,,cigarpage+cigarplace,https://www.cigarplace.biz/all-brands/asylum-cigars/asylum-13-oblongata.html
Asylum,13 Oblongata Maduro,,cigarpage+cigarplace,https://www.cigarplace.biz/all-brands/asylum-cigars/asylum-13-oblongata-maduro.html
Asylum,13 Ogre,,cigarpage+cigarplace,https://www.cigarplace.biz/all-brands/asylum-cigars/asylum-13-ogre.html
Asylum,13 Pandemonium,,cigarpage+cigarplace,https://www.cigarplace.biz/all-brands/asylum-cigars/asylum-13-pandemonium.html
Asylum,13 Split Personality,,cigarpage,https://www.cigarpage.com/asylum-13-split-personality.html
Asylum,867 Auntie,,cigarpage,https://www.cigarpage.com/asylum-867-auntie.html
Asylum,867 Midnight Oil,,cigarpage,https://www.cigarpage.com/asylum-867-midnight-oil.html
Asylum,867 Zero,,cigarpage,https://www.cigarpage.com/asylum-867-zero.html
Asylum,April Fools,,cigarplace,https://www.cigarplace.biz/all-brands/asylum-cigars/asylum-april-fools.html
Asylum,April Fools 2026 Year of The Horse,,cigarpage,https://www.cigarpage.com/asylum-april-fools-2026-year-of-the-horse.html
Asylum,Arabian Nights,,cigarpage,https://www.cigarpage.com/asylum-arabian-nights.html
Asylum,Cool Brew,infused,cigarpage+cigarplace,https://www.cigarplace.biz/all-brands/asylum-cigars/asylum-cool-brew.html
Asylum,Insanity Later Maduro,,cigarpage,https://www.cigarpage.com/asylum.html
Asylum,Insidious,,cigarplace,https://www.cigarplace.biz/all-brands/asylum-cigars/asylum-insidious.html
Asylum,Insidious Connecticut,,cigarpage,https://www.cigarpage.com/asylum-insidious-connecticut.html
Asylum,Insidious Habano,,cigarplace,https://www.cigarplace.biz/all-brands/asylum-cigars/asylum-insidious-habano.html
Asylum,Insidious Maduro,,cigarpage+cigarplace,https://www.cigarplace.biz/all-brands/asylum-cigars/asylum-insidious-maduro.html
Asylum,Midnight Oil,,cigarplace,https://www.cigarplace.biz/all-brands/asylum-cigars/asylum-midnight-oil.html
Asylum,Nyctophilia,,cigarpage+cigarplace,https://www.cigarplace.biz/all-brands/asylum-cigars/asylum-nyctophilia.html
Asylum,Schizo,,cigarplace,https://www.cigarplace.biz/all-brands/asylum-cigars/asylum-schizo.html
Asylum,Schizo Maduro,,cigarpage+cigarplace,https://www.cigarplace.biz/all-brands/asylum-cigars/asylum-schizo-maduro.html
Asylum,Schizo Natural,,cigarpage,https://www.cigarpage.com/asylum-schizo-natural.html
Asylum,Serenity Now Connecticut,,cigarpage,https://www.cigarpage.com/asylum-serenity-now-connecticut.html
Asylum,Signature Series by Tom Lazuka,,cigarpage,https://www.cigarpage.com/asylum-signature-series-by-tom-lazuka.html
Asylum,Twelve,,cigarplace,https://www.cigarplace.biz/all-brands/asylum-cigars/asylum-twelve.html
Ave Maria,Reconquista,,cigarplace,https://www.cigarplace.biz/all-brands/ave-maria-cigars/ave-maria-reconquista-180.html
AVO,Classic,,cigarpage+cigarplace,https://www.cigarplace.biz/all-brands/avo-cigars/avo-classic.html
AVO,Classic Maduro,,cigarpage+cigarplace,https://www.cigarplace.biz/all-brands/avo-cigars/avo-classic-maduro.html
Avo,Expresivo,,cigarpage,https://www.cigarpage.com/avo-expresivo.html
AVO,Heritage,,cigarpage+cigarplace,https://www.cigarplace.biz/all-brands/avo-cigars/avo-heritage.html
AVO,Limited Edition,,cigarplace,https://www.cigarplace.biz/all-brands/avo-cigars/avo-limited-edition-154.html
AVO,Syncro Caribe,,cigarpage+cigarplace,https://www.cigarplace.biz/all-brands/avo-cigars/avo-syncro-caribe.html
AVO,Syncro Nicaragua,,cigarpage+cigarplace,https://www.cigarplace.biz/all-brands/avo-cigars/avo-syncro-nicaragua.html
AVO,Syncro Nicaragua Fogata,,cigarpage+cigarplace,https://www.cigarplace.biz/all-brands/avo-cigars/avo-syncro-nicaragua-fogata.html
AVO,Syncro Ritmo,,cigarpage+cigarplace,https://www.cigarplace.biz/all-brands/avo-cigars/avo-syncro-ritmo.html
AVO,XO,,cigarpage+cigarplace,https://www.cigarplace.biz/all-brands/avo-cigars/avo-xo.html
Baccarat,Maduro,,cigarpage,https://www.cigarpage.com/baccarat-maduro.html
Baccarat,Nicaragua,,cigarpage+cigarplace,https://www.cigarplace.biz/all-brands/baccarat-cigars/baccarat-nicaragua.html
Back Forty,(브랜드 단일),unknown,cigarpage,https://www.cigarpage.com/back-forty.html
Bahia Icon,Bahia Blu,,cigarplace,https://www.cigarplace.biz/all-brands/bahia-icon/bahia-blu.html
BDL,Liga 12 Habano,unknown,cigarpage,https://www.cigarpage.com/bdl-liga-12-habano.html
BDL,Liga 5 Maduro,unknown,cigarpage,https://www.cigarpage.com/bdl-liga-5-maduro-box-press.html
BDL,Liga 7 Connecticut,unknown,cigarpage,https://www.cigarpage.com/bdl-liga-7-connecticut.html
Bellas Artes by AJ Fernandez,(브랜드 단일),,cigarplace,https://www.cigarplace.biz/all-brands/bellas-artes-by-aj-fernandez.html
Bellas Artes Maduro by AJ Fernandez,(브랜드 단일),,cigarplace,https://www.cigarplace.biz/all-brands/bellas-artes-maduro-by-aj-fernandez.html
Belstaff,Shade,,cigarpage,https://www.cigarpage.com/belstaff-bugatti-shade.html
Belstaff,Sun Grown,,cigarpage,https://www.cigarpage.com/belstaff-bugatti-sun-grown.html
Bering,(브랜드 단일),,cigarplace,https://www.cigarplace.biz/all-brands/bering.html
Big Johnny by Oscar,(브랜드 단일),unknown,cigarplace,https://www.cigarplace.biz/all-brands/big-johnny-by-oscar.html
Black Label Trading Co.,Last Rites,,cigarpage,https://www.cigarpage.com/black-label-trading-co-last-rites.html
Black Label Trading Co.,Lawless,,cigarpage,https://www.cigarpage.com/black-label-trading-co-lawless.html
Black Label Trading Co.,Porcelain,,cigarpage,https://www.cigarpage.com/black-label-trading-co-porcelain.html
Black Label Trading Co.,Royalty,,cigarpage,https://www.cigarpage.com/black-label-trading-co-royalty.html
Black Label Trading Co.,Santa Muerte,,cigarpage,https://www.cigarpage.com/black-label-trading-co-santa-muerte.html
Black Works Studio,Green Hornet,,cigarpage,https://www.cigarpage.com/black-works-studio-green-hornet.html
Black Works Studio,Killer Bee,,cigarpage,https://www.cigarpage.com/black-works-studio-killer-bee.html
Black Works Studio,NBK,,cigarpage,https://www.cigarpage.com/black-works-studio-nbk.html
Black Works Studio,Rorschach,,cigarpage,https://www.cigarpage.com/black-works-studio-rorschach.html
Blackened M81 by Drew Estate,(브랜드 단일),,cigarplace,https://www.cigarplace.biz/all-brands/blackened-m81-by-drew-estate.html
Blackened S84 Shade to Black by Drew Estate,(브랜드 단일),,cigarplace,https://www.cigarplace.biz/all-brands/blackened-s84-shade-to-black-by-drew-estate.html
Blackwatch,Habano,unknown,cigarpage,https://www.cigarpage.com/blackwatch-habano.html
Blackwatch,Maduro,unknown,cigarpage,https://www.cigarpage.com/blackwatch-maduro.html
Blackwatch,Shade Cuban-Press,unknown,cigarpage,https://www.cigarpage.com/blackwatch-shade-cub-press-ks-bt5-c.html
Blanco Liga Exclusiva de Familia Connecticut,(브랜드 단일),,cigarplace,https://www.cigarplace.biz/all-brands/blanco-liga-exclusiva-de-familia-connecticut.html
Blanco Liga Exclusiva de Familia Maduro,(브랜드 단일),,cigarplace,https://www.cigarplace.biz/all-brands/blanco-liga-exclusiva-de-familia-maduro.html
Blanco Nine,(브랜드 단일),,cigarplace,https://www.cigarplace.biz/all-brands/blanco-nine.html
Bold by Nish Patel,(브랜드 단일),,cigarplace,https://www.cigarplace.biz/all-brands/bold-by-nish-patel.html
Bolivar,Aniversario,,cigarpage,https://www.cigarpage.com/bolivar-aniversario.html
Bolivar,Cofradia,,cigarpage,https://www.cigarpage.com/bolivar-cofradia.html
Bolivar,Cofradia Oscuro,,cigarpage,https://www.cigarpage.com/bolivar-cofradia-oscuro.html
Bolivar,Gran Republica,,cigarpage,https://www.cigarpage.com/bolivar-gran-republica.html
Boneshaker,(브랜드 단일),,cigarplace,https://www.cigarplace.biz/all-brands/boneshaker-cigars.html
Boneshaker Full Body Cast,(브랜드 단일),,cigarplace,https://www.cigarplace.biz/all-brands/boneshaker-full-body-cast.html
Boneshaker Tombstone,(브랜드 단일),,cigarplace,https://www.cigarplace.biz/all-brands/boneshaker-tombstone.html
Brick House,Double Connecticut,,cigarpage+cigarplace,https://www.cigarplace.biz/all-brands/brick-house/brick-house-double-connecticut.html
Brick House,Maduro,,cigarpage,https://www.cigarpage.com/brick-house-maduro-147478.html
Buena Vista,Cortado,,cigarpage,https://www.cigarpage.com/buena-vista-cortado.html
Buena Vista,Edicion Limitada,,cigarpage,https://www.cigarpage.com/buena-vista-edicion-limitada.html
Buena Vista,Edicion Limitada Burberry,,cigarpage,https://www.cigarpage.com/buena-vista-edicion-limitada-burberry.html
Buffalo Trace,(브랜드 단일),,cigarplace,https://www.cigarplace.biz/all-brands/buffalo-trace-cigars.html
Butera Royal Vintage,(브랜드 단일),,cigarplace,https://www.cigarplace.biz/all-brands/butera-royal-vintage.html
Cabaiguan,(브랜드 단일),,cigarplace,https://www.cigarplace.biz/all-brands/cabaiguan.html
Cabaiguan Maduro,(브랜드 단일),,cigarplace,https://www.cigarplace.biz/all-brands/cabaiguan-maduro.html
Cabañas,(브랜드 단일),,cigarplace,https://www.cigarplace.biz/all-brands/caba-as.html
Cain,Daytona,,cigarpage+cigarplace,https://www.cigarplace.biz/all-brands/cain-cigars/cain-daytona.html
Cain,Daytona Box-Pressed,,cigarpage,https://www.cigarpage.com/cain-daytona-nub-box-pressed.html
Cain,F,,cigarpage+cigarplace,https://www.cigarplace.biz/all-brands/cain-cigars/cain-f.html
Cain,F Nub,,cigarpage+cigarplace,https://www.cigarplace.biz/all-brands/cain-cigars/cain-f-nub.html
Cain,Habano,,cigarpage+cigarplace,https://www.cigarplace.biz/all-brands/cain-cigars/cain-habano.html
Cain,Maduro,,cigarpage+cigarplace,https://www.cigarplace.biz/all-brands/cain-cigars/cain-maduro.html
Cain,Nub Box-Pressed,,cigarpage,https://www.cigarpage.com/cain-nub-box-pressed.html
Cain,Nub Habano,,cigarpage+cigarplace,https://www.cigarplace.biz/all-brands/cain-cigars/cain-nub-habano.html
Cain,Nub Maduro,,cigarpage+cigarplace,https://www.cigarplace.biz/all-brands/cain-cigars/cain-nub-maduro.html
Caldwell,22 Minutes to Midnight Connecticut,,cigarpage,https://www.cigarpage.com/caldwell-22-minutes-to-midnight-connecticut.html
Caldwell,22 Minutes to Midnight Criollo,,cigarpage,https://www.cigarpage.com/caldwell-22-minutes-to-midnight-criollo.html
Caldwell,22 Minutes to Midnight Habano,,cigarpage,https://www.cigarpage.com/caldwell-22-minutes-to-midnight-habano.html
Caldwell,22 Minutes to Midnight Maduro,,cigarpage,https://www.cigarpage.com/caldwell-22-minutes-to-midnight-tb-edition-maduro.html
Caldwell,22 Minutes to Midnight San Andres,,cigarpage,https://www.cigarpage.com/caldwell-22-minutes-to-midnight-san-andres.html
Caldwell,Anastasia,,cigarpage,https://www.cigarpage.com/caldwell-anastasia.html
Caldwell,Blind Man's Bluff,,cigarpage+cigarplace,https://www.cigarplace.biz/all-brands/caldwell-cigars/caldwell-blind-man-s-bluff.html
Caldwell,Blind Man's Bluff Connecticut,,cigarpage,https://www.cigarpage.com/caldwell-blind-man-s-bluff-connecticut.html
Caldwell,Blind Man's Bluff Maduro,,cigarpage,https://www.cigarpage.com/caldwell-blind-man-s-bluff-maduro.html
Caldwell,Blind Man's Bluff Nicaragua,,cigarpage,https://www.cigarpage.com/caldwell-blind-man-s-bluff-nicaragua.html
Caldwell,Eastern Standard,,cigarpage,https://www.cigarpage.com/caldwell-eastern-standard.html
Caldwell,King is Dead,,cigarpage,https://www.cigarpage.com/caldwell-king-is-dead.html
Caldwell,Long Live The King,,cigarpage,https://www.cigarpage.com/caldwell-long-live-the-king.html
Caldwell,Long Live The King Mad MoFo Maduro,,cigarpage,https://www.cigarpage.com/caldwell-long-live-the-king-mad-mofo-maduro.html
Caldwell,Long Live the Queen,,cigarpage+cigarplace,https://www.cigarplace.biz/all-brands/caldwell-cigars/caldwell-long-live-the-queen.html
Caldwell,Long Live the Queen Maduro,,cigarpage,https://www.cigarpage.com/caldwell-long-live-the-queen-maduro.html
Caldwell,Reserva Sevillana,,cigarplace,https://www.cigarplace.biz/all-brands/caldwell-cigars/caldwell-reserva-sevillana.html
Caldwell Lost & Found,Blue Collar Connecticut,,cigarpage,https://www.cigarpage.com/caldwell-lost-found-blue-collar-connecticut.html
Caldwell Lost & Found,Blue Collar Habano,,cigarpage,https://www.cigarpage.com/caldwell-lost-found-blue-collar-bundles.html
Caldwell Lost & Found,Cream Machine,,cigarpage,https://www.cigarpage.com/caldwell-lost-found-cream-machine.html
Caldwell Lost & Found,Forever Fresh,,cigarpage,https://www.cigarpage.com/caldwell-lost-found-forever-fresh.html
Caldwell Lost & Found,Hit Squad,,cigarpage,https://www.cigarpage.com/caldwell-lost-found-hit-squad.html
Caldwell Lost & Found,Just the Tip,,cigarpage,https://www.cigarpage.com/caldwell-lost-found-just-the-tip.html
Caldwell Lost & Found,One Night Stand Original,,cigarpage,https://www.cigarpage.com/caldwell-lost-found-one-night-stand-original.html
Caldwell Lost & Found,Paradise Lost Maduro,,cigarpage,https://www.cigarpage.com/caldwell-lost-found-paradise-lost-maduro.html
Caldwell Lost & Found,Pepper Cream Soda Original,,cigarpage,https://www.cigarpage.com/caldwell-lost-found-pepper-cream-soda-original.html
Camacho,Broadleaf,,cigarpage+cigarplace,https://www.cigarplace.biz/all-brands/camacho-cigars/camacho-broadleaf.html
Camacho,Connecticut,,cigarpage+cigarplace,https://www.cigarplace.biz/all-brands/camacho-cigars/camacho-connecticut.html
Camacho,Corojo,,cigarpage+cigarplace,https://www.cigarplace.biz/all-brands/camacho-cigars/camacho-corojo.html
Camacho,Coyolar,,cigarplace,https://www.cigarplace.biz/all-brands/camacho-cigars/camacho-coyolar.html
Camacho,Criollo,,cigarplace,https://www.cigarplace.biz/all-brands/camacho-cigars/camacho-criollo.html
Camacho,Ecuador,,cigarpage+cigarplace,https://www.cigarplace.biz/all-brands/camacho-cigars/camacho-ecuador.html
Camacho,Nicaragua,,cigarpage+cigarplace,https://www.cigarplace.biz/all-brands/camacho-cigars/camacho-nicaragua.html
Camacho,Powerband,,cigarplace,https://www.cigarplace.biz/all-brands/camacho-cigars/camacho-powerband.html
Camacho,Triple Maduro,,cigarpage+cigarplace,https://www.cigarplace.biz/all-brands/camacho-cigars/camacho-triple-maduro.html
CAO,Amazon Basin,,cigarplace,https://www.cigarplace.biz/all-brands/cao-cigars/cao-amazon-basin-1.html
CAO,America,,cigarpage+cigarplace,https://www.cigarplace.biz/all-brands/cao-cigars/cao-america.html
CAO,Arcana Thunder Smoke,,cigarplace,https://www.cigarplace.biz/all-brands/cao-cigars/cao-arcana-thunder-smoke.html
CAO,Black,,cigarplace,https://www.cigarplace.biz/all-brands/cao-cigars/cao-black.html
CAO,Bones,,cigarpage+cigarplace,https://www.cigarplace.biz/all-brands/cao-cigars/cao-bones.html
CAO,Brazilia,,cigarpage+cigarplace,https://www.cigarplace.biz/all-brands/cao-cigars/cao-brazilia.html
CAO,BX3,,cigarpage+cigarplace,https://www.cigarplace.biz/all-brands/cao-cigars/cao-bx3.html
CAO,Cameroon,,cigarplace,https://www.cigarplace.biz/all-brands/cao-cigars/cao-cameroon.html
CAO,Colombia,,cigarpage+cigarplace,https://www.cigarplace.biz/all-brands/cao-cigars/cao-colombia.html
CAO,Consigliere,,cigarpage+cigarplace,https://www.cigarplace.biz/all-brands/cao-cigars/cao-consigliere.html
CAO,Fasa Noche,,cigarplace,https://www.cigarplace.biz/all-brands/cao-cigars/cao-fasa-noche.html
CAO,Fasa Sol,,cigarplace,https://www.cigarplace.biz/all-brands/cao-cigars/cao-fasa-sol.html
CAO,Flathead,,cigarpage+cigarplace,https://www.cigarplace.biz/all-brands/cao-cigars/cao-flathead.html
CAO,Flathead Speed Shop,,cigarpage+cigarplace,https://www.cigarplace.biz/all-brands/cao-cigars/cao-flathead-speed-shop.html
CAO,Flathead Steel Horse,,cigarpage+cigarplace,https://www.cigarplace.biz/all-brands/cao-cigars/cao-flathead-steel-horse.html
CAO,Flavours Bella Vanilla,infused,cigarpage+cigarplace,https://www.cigarplace.biz/all-brands/cao-cigars/cao-flavours-bella-vanilla.html
CAO,Flavours Cherrybomb,infused,cigarplace,https://www.cigarplace.biz/all-brands/cao-cigars/cao-flavours-cherrybomb.html
CAO,Flavours Eileen's Dream,infused,cigarplace,https://www.cigarplace.biz/all-brands/cao-cigars/cao-flavours-eileens-dream.html
CAO,Flavours Gold Honey,infused,cigarplace,https://www.cigarplace.biz/all-brands/cao-cigars/cao-flavours-gold-honey.html
CAO,Flavours Moontrance,infused,cigarpage+cigarplace,https://www.cigarplace.biz/all-brands/cao-cigars/cao-flavours-moontrance.html
CAO,Gold,,cigarpage+cigarplace,https://www.cigarplace.biz/all-brands/cao-cigars/cao-gold.html
CAO,Gold Maduro,,cigarplace,https://www.cigarplace.biz/all-brands/cao-cigars/cao-gold-maduro.html
CAO,Havana Daydreamin',infused,cigarplace,https://www.cigarplace.biz/all-brands/cao-cigars/cao-havana-daydreamin.html
CAO,Italia,,cigarpage+cigarplace,https://www.cigarplace.biz/all-brands/cao-cigars/cao-italia.html
CAO,La Traviata Maduro,,cigarplace,https://www.cigarplace.biz/all-brands/cao-cigars/cao-la-traviata-maduro.html
CAO,Maduro,,cigarplace,https://www.cigarplace.biz/all-brands/cao-cigars/cao-maduro.html
CAO,Margaritaville,,cigarplace,https://www.cigarplace.biz/all-brands/cao-cigars/cao-margaritaville.html
CAO,MX2,,cigarpage+cigarplace,https://www.cigarplace.biz/all-brands/cao-cigars/cao-mx2.html
CAO,Nicaragua,,cigarplace,https://www.cigarplace.biz/all-brands/cao-cigars/cao-nicaragua.html
CAO,Osa Sol,,cigarplace,https://www.cigarplace.biz/all-brands/cao-cigars/cao-osa-sol.html
CAO,Pilon,,cigarpage+cigarplace,https://www.cigarplace.biz/all-brands/cao-cigars/cao-pilon.html
CAO,Pilon Anejo,,cigarplace,https://www.cigarplace.biz/all-brands/cao-cigars/cao-pilon-anejo.html
CAO,Session,,cigarplace,https://www.cigarplace.biz/all-brands/cao-cigars/cao-session.html
CAO,Vision,,cigarplace,https://www.cigarplace.biz/all-brands/cao-cigars/cao-vision.html
CAO,Vision Limited Edition 2022,,cigarpage,https://www.cigarpage.com/cao-vision-le-2022.html
CAO,Zocalo,,cigarplace,https://www.cigarplace.biz/all-brands/cao-cigars/cao-zoalo.html
Casa 1910,Cavalry Edition Jilguero,,cigarpage,https://www.cigarpage.com/casa-1910-cavalry-edition-jilguero.html
Casa 1910,Mexigars Colorado,,cigarpage,https://www.cigarpage.com/casa-1910-mexigars-colorado.html
Casa 1910,Mexigars Habano,,cigarpage,https://www.cigarpage.com/casa-1910-mexigars-habano.html
Casa Fernandez,Guardian of the Farm,,cigarplace,https://www.cigarplace.biz/all-brands/casa-fernandez-cigars/guardian-of-the-farm.html
Casa Fernandez,Guardian of the Farm Cerberus,,cigarplace,https://www.cigarplace.biz/all-brands/casa-fernandez-cigars/guardian-of-the-farm-cerberus.html
Casa Fernandez,Guardian of the Farm Night Watch,,cigarplace,https://www.cigarplace.biz/all-brands/casa-fernandez-cigars/guardian-of-the-farm-night-watch.html
Casa Fernandez,Miami Reserva,,cigarplace,https://www.cigarplace.biz/all-brands/casa-fernandez-cigars/casa-fernandez-miami-reserva.html
Casa Fernandez,Miami Reserva Corojo,,cigarpage,https://www.cigarpage.com/casa-fernandez-miami-reserva-corojo.html
Casa Fernandez,Miami Reserva Maduro,,cigarpage+cigarplace,https://www.cigarplace.biz/all-brands/casa-fernandez-cigars/casa-fernandez-miami-reserva-maduro.html
Casa Magna,Colorado,,cigarpage+cigarplace,https://www.cigarplace.biz/all-brands/casa-magna-cigars/casa-magna-colorado-cigars.html
Casa Magna,Colorado Box Pressed,,cigarplace,https://www.cigarplace.biz/all-brands/casa-magna-cigars/casa-magna-colorado-box-pressed.html
Casa Magna,Connecticut,,cigarpage,https://www.cigarpage.com/casa-magna-connecticu.html
Casa Magna,Domus Magnus II,,cigarpage+cigarplace,https://www.cigarplace.biz/all-brands/casa-magna-cigars/casa-magna-domus-magnus-ii.html
Casa Magna,Liga F,,cigarpage,https://www.cigarpage.com/casa-magna-liga-f.html
Casa Magna,Maduro,,cigarpage,https://www.cigarpage.com/casa-magna-maduro.html
Casa Magna,Oscuro,,cigarplace,https://www.cigarplace.biz/all-brands/casa-magna-cigars/casa-magna-oscuro.html
Casa Turrent,Serie 1901,,cigarpage,https://www.cigarpage.com/casa-turrent-serie-1901.html
Casa Turrent,Serie 1973,,cigarpage,https://www.cigarpage.com/casa-turrent-serie-1973.html
Cavalier,Inner Circle,,cigarpage,https://www.cigarpage.com/cavalier-inner-circle.html
Cavalier,Inner Circle Domaine Rogue,,cigarpage,https://www.cigarpage.com/cavalier-inner-circle-domaine-rogue.html
Cavalier,Prospektor,,cigarpage,https://www.cigarpage.com/cavalier-prospektor.html
Cavalier,Tres Delincuentes,,cigarpage,https://www.cigarpage.com/cavalier-tres-delincuentes.html
Chillin Moose,Foundry Chillin Moose,,cigarplace,https://www.cigarplace.biz/all-brands/chillin-moose-cigars/foundry-chillin-moose.html
Chillin Moose,Foundry Chillin Moose Too,,cigarplace,https://www.cigarplace.biz/all-brands/chillin-moose-cigars/foundry-chillin-moose-too.html
CLE,25th Anniversary,,cigarpage,https://www.cigarpage.com/cle-25th-anniversary.html
CLE,Chele,,cigarpage,https://www.cigarpage.com/cle-chele.html
CLE,Connecticut,,cigarpage+cigarplace,https://www.cigarplace.biz/all-brands/cle-cigars/cle-connecticut.html
CLE,Corojo,,cigarpage+cigarplace,https://www.cigarplace.biz/all-brands/cle-cigars/cle-corojo.html
CLE,Habano,,cigarpage+cigarplace,https://www.cigarplace.biz/all-brands/cle-cigars/cle-habano.html
CLE,Maduro,,cigarpage+cigarplace,https://www.cigarplace.biz/all-brands/cle-cigars/c-l-e-maduro.html
CLE,Prieto,,cigarpage+cigarplace,https://www.cigarplace.biz/all-brands/cle-cigars/cle-prieto.html
Cohiba,Black,,cigarpage+cigarplace,https://www.cigarplace.biz/all-brands/cohiba-cigars/cohiba-black.html
Cohiba,Blue,,cigarpage+cigarplace,https://www.cigarplace.biz/all-brands/cohiba-cigars/cohiba-blue.html
Cohiba,Connecticut,,cigarpage+cigarplace,https://www.cigarplace.biz/all-brands/cohiba-cigars/cohiba-connecticut.html
Cohiba,Macassar,,cigarplace,https://www.cigarplace.biz/all-brands/cohiba-cigars/cohiba-macassar.html
Cohiba,Nicaragua,,cigarpage+cigarplace,https://www.cigarplace.biz/all-brands/cohiba-cigars/cohiba-nicaragua.html
Cohiba,Red Dot,,cigarpage+cigarplace,https://www.cigarplace.biz/all-brands/cohiba-cigars/cohiba-red-dot.html
Cohiba,Riviera,,cigarplace,https://www.cigarplace.biz/all-brands/cohiba-cigars/cohiba-riviera.html
Cohiba,Royale,,cigarplace,https://www.cigarplace.biz/all-brands/cohiba-cigars/cohiba-royale.html
Cohiba,Rubicon,,cigarpage,https://www.cigarpage.com/cohiba-rubicon.html
Cornelius & Anthony,Aerial,,cigarplace,https://www.cigarplace.biz/all-brands/cornelius-anthony/cornelius-anthony-aerial.html
Cornelius & Anthony,Daddy Mac,,cigarplace,https://www.cigarplace.biz/all-brands/cornelius-anthony/cornelius-anthony-daddy-mac.html
Cornelius & Anthony,Señor Esugars,,cigarplace,https://www.cigarplace.biz/all-brands/cornelius-anthony/cornelius-anthony-se-or-esugars.html
Crafted by Jaime Garcia,(브랜드 단일),,cigarplace,https://www.cigarplace.biz/all-brands/crafted-by-jaime-garcia.html
Crowned Heads,Broadway,,cigarpage,https://www.cigarpage.com/crowned-heads-broadway.html
Crowned Heads,CHC Serie E,,cigarpage,https://www.cigarpage.com/crowned-heads-chc-serie-e.html
Crowned Heads,Coroneta,,cigarpage,https://www.cigarpage.com/crowned-heads-coroneta.html
Crowned Heads,J.D. Howard Reserve,,cigarpage,https://www.cigarpage.com/crowned-heads-j-d-howard-reserve.html
Crowned Heads,Jericho Hill,,cigarpage+cigarplace,https://www.cigarplace.biz/all-brands/crowned-heads-cigars/jericho-hill-by-crowned-heads.html
Crowned Heads,Juarez,,cigarpage+cigarplace,https://www.cigarplace.biz/all-brands/crowned-heads-cigars/juarez.html
Crowned Heads,La Coalicion,,cigarplace,https://www.cigarplace.biz/all-brands/crowned-heads-cigars/la-coalicion.html
Crowned Heads,La Imperiosa,,cigarpage+cigarplace,https://www.cigarplace.biz/all-brands/crowned-heads-cigars/la-imperiosa-by-crowned-heads.html
Crowned Heads,Las Calaveras Edición Limitada 2025,,cigarpage,https://www.cigarpage.com/crowned-heads-las-calaveras-edicion-limitada-2025.html
Crowned Heads,Lawless Yellow Rose,,cigarpage,https://www.cigarpage.com/crowned-heads-lawless.html
Crowned Heads,Le Careme,,cigarplace,https://www.cigarplace.biz/all-brands/crowned-heads-cigars/crowned-heads-le-careme.html
Crowned Heads,Luciano The Dreamer,,cigarplace,https://www.cigarplace.biz/all-brands/crowned-heads-cigars/luciano-the-dreamer.html
Crowned Heads,Luminosa,,cigarplace,https://www.cigarplace.biz/all-brands/crowned-heads-cigars/luminosa.html
Crowned Heads,Mil Dias,,cigarpage+cigarplace,https://www.cigarplace.biz/all-brands/crowned-heads-cigars/crowned-heads-mil-dias.html
Crowned Heads,Mil Dias Maduro,,cigarpage,https://www.cigarpage.com/crowned-heads-mil-dias-maduro.html
Crowned Heads,Ozgener Family,,cigarplace,https://www.cigarplace.biz/all-brands/crowned-heads-cigars/crowned-heads-ozgener-family-cigars.html
Crowned Heads,Tennessee Waltz,,cigarpage,https://www.cigarpage.com/crowned-heads-tennessee-waltz.html
Crowned Heads,The Mason Dixon Project,,cigarplace,https://www.cigarplace.biz/all-brands/crowned-heads-cigars/the-mason-dixon-project-by-crowned-heads.html
Crux,Bull & Bear,,cigarpage,https://www.cigarpage.com/crux-bull-bear.html
Crux,Du Connoisseur,,cigarpage,https://www.cigarpage.com/crux-du-connoisseur.html
Crux,Epicure Habano,,cigarpage,https://www.cigarpage.com/crux-epicure-habano.html
Crux,Epicure Maduro,,cigarpage,https://www.cigarpage.com/crux-epicure-maduro.html
Crux,Epicure Original,,cigarpage,https://www.cigarpage.com/crux-epicure.html
Crux,Guild,,cigarpage,https://www.cigarpage.com/crux-guild.html
Crux,Limitada,,cigarpage,https://www.cigarpage.com/crux-limitada.html
Crux,Marblehead,,cigarpage,https://www.cigarpage.com/crux-marblehead.html
Crux,Passport,,cigarpage,https://www.cigarpage.com/crux-passport.html
Cuba Aliados,Cabinet,,cigarpage,https://www.cigarpage.com/cuba-aliados-cabinet-by-epc.html
Cuba Aliados,Original Blend,,cigarpage,https://www.cigarpage.com/cub-aliados-original-blend.html
Cuba Aliados by E.P. Carrillo,(브랜드 단일),,cigarplace,https://www.cigarplace.biz/all-brands/cuba-aliados-by-e-p-carrillo.html
Cuba Aliados Original Blend,(브랜드 단일),,cigarplace,https://www.cigarplace.biz/all-brands/cuba-aliados-original-blend.html
Cuban Honeys,(브랜드 단일),infused,cigarplace,https://www.cigarplace.biz/all-brands/cuban-honeys.html
Cuesta Rey,Cabinet,,cigarpage,https://www.cigarpage.com/cuesta-rey-cabinet.html
Cuesta Rey,Centenario,,cigarpage,https://www.cigarpage.com/cuesta-rey-centenario.html
Cuesta Rey,Centenario Maduro,,cigarpage,https://www.cigarpage.com/cuesta-rey-centenario-maduro.html
Cuesta Rey,Centro Fino,,cigarpage,https://www.cigarpage.com/cuesta-rey-centro-fino.html
Cumbal,(브랜드 단일),unknown,cigarpage,https://www.cigarpage.com/cumbal.html
Curivari,Achilles,,cigarpage,https://www.cigarpage.com/curivari-achilles.html
Curivari,Buenaventura Maduro,,cigarplace,https://www.cigarplace.biz/all-brands/curivari-cigars/curivari-buenaventura-maduro.html
Curivari,Gloria de Leon,,cigarplace,https://www.cigarplace.biz/all-brands/curivari-cigars/curivari-gloria-de-leon.html
Curivari,Reserva Limitada Cafe,,cigarplace,https://www.cigarplace.biz/all-brands/curivari-cigars/curivari-reserva-limitada-cafe.html
Curivari,Reserva Limitada Cafe Noir,,cigarpage+cigarplace,https://www.cigarplace.biz/all-brands/curivari-cigars/curivari-reserva-limitada-cafe-noir.html
Curivari,Reserva Limitada Classica,,cigarplace,https://www.cigarplace.biz/all-brands/curivari-cigars/curivari-reserva-limitada-classica.html
Curivari,Reserve Limitada Cafe,,cigarpage,https://www.cigarpage.com/curivari-reserve-limitada-cafe.html
Curivari,Seleccion Privada,,cigarpage,https://www.cigarpage.com/curivari-seleccion-privada.html
Curivari,Seleccion Privada Maduro,,cigarpage,https://www.cigarpage.com/curivari-seleccion-privada-maduro.html
Curivari Buenaventura,Cremas,,cigarplace,https://www.cigarplace.biz/all-brands/curivari-buenaventura/curivari-buenaventura-cremas.html
Curivari Buenaventura,Favoritos Connecticut,,cigarplace,https://www.cigarplace.biz/all-brands/curivari-buenaventura/curivari-buenaventura-favoritos-connecticut.html
Curivari Buenaventura,Favoritos Maduro,,cigarplace,https://www.cigarplace.biz/all-brands/curivari-buenaventura/curivari-buenaventura-favoritos-maduro.html
Curivari Buenaventura,Favoritos Natural,,cigarplace,https://www.cigarplace.biz/all-brands/curivari-buenaventura/curivari-buenaventura-favoritos-natural.html
Curivari Reserva Limitada,(브랜드 단일),,cigarplace,https://www.cigarplace.biz/all-brands/curivari-reserva-limitada.html
Curivari Seleccion Privada Maduro,(브랜드 단일),,cigarplace,https://www.cigarplace.biz/all-brands/curivari-seleccion-privada-maduro.html
Cusano,18,,cigarplace,https://www.cigarplace.biz/all-brands/cusano-cigars/cusano-18.html
Cusano,CC,,cigarpage,https://www.cigarpage.com/cusano-cc.html
Cusano,M1,,cigarpage,https://www.cigarpage.com/cusano-m1.html
Cusano,MC,,cigarpage,https://www.cigarpage.com/cusano-mc.html
Cusano,P1,,cigarpage,https://www.cigarpage.com/cusano-p1.html
Dapper,Cubata Cru Shade,,cigarpage,https://www.cigarpage.com/dapper-cubata-cru-shade.html
Dapper,Desvalido,,cigarpage,https://www.cigarpage.com/dapper-desvalido.html
Dapper,El Borracho San Andres,,cigarpage,https://www.cigarpage.com/dapper-el-borracho-san-andres.html
Davidoff,702 Series,,cigarplace,https://www.cigarplace.biz/all-brands/davidoff-cigars/davidoff-702-series.html
Davidoff,Aniversario Series,,cigarplace,https://www.cigarplace.biz/all-brands/davidoff-cigars/davidoff-aniversario-series.html
Davidoff,Classic Dominican Maduro Primeros,cigarillo,cigarpage,https://www.cigarpage.com/davidoff-classic-dominican-maduro-primero.html
Davidoff,Classic Dominican Primeros,cigarillo,cigarpage,https://www.cigarpage.com/davidoff-classic-dominican-primeros.html
Davidoff,Colorado Claro,,cigarplace,https://www.cigarplace.biz/all-brands/davidoff-cigars/davidoff-colorado-claro.html
Davidoff,Escurio,,cigarpage+cigarplace,https://www.cigarplace.biz/all-brands/davidoff-cigars/davidoff-escurio.html
Davidoff,Grand Cru Series,,cigarplace,https://www.cigarplace.biz/all-brands/davidoff-cigars/davidoff-grand-cru-series.html
Davidoff,Millennium Blend,,cigarplace,https://www.cigarplace.biz/all-brands/davidoff-cigars/davidoff-millennium-blend.html
Davidoff,Nicaragua,,cigarpage+cigarplace,https://www.cigarplace.biz/all-brands/davidoff-cigars/davidoff-nicaragua.html
Davidoff,Nicaragua Maduro,,cigarpage,https://www.cigarpage.com/davidoff-nicaragua-maduro.html
Davidoff,Signature Series,,cigarplace,https://www.cigarplace.biz/all-brands/davidoff-cigars/davidoff-signature-series.html
Davidoff,Special Series,,cigarplace,https://www.cigarplace.biz/all-brands/davidoff-cigars/davidoff-special-series.html
Davidoff,Winston Churchill,,cigarpage,https://www.cigarpage.com/davidoff-winston-churchill.html
Davidoff,Winston Churchill Late Hour,,cigarpage,https://www.cigarpage.com/davidoff-winston-churchill-late-hour.html
Davidoff,Yamasa,,cigarplace,https://www.cigarplace.biz/all-brands/davidoff-cigars/davidoff-yamasa.html
DBL Cigars,El Final Cameroon,,cigarpage,https://www.cigarpage.com/dbl-el-final-cameroon.html
DBL Cigars,El Final Connecticut,,cigarpage,https://www.cigarpage.com/dbl-el-final-connecticut.html
DBL Cigars,El Final Maduro,,cigarpage,https://www.cigarpage.com/dbl-el-final-maduro.html
DBL Cigars,Formula,,cigarpage,https://www.cigarpage.com/dbl-formula.html
DBL Cigars,Habano El Rey,,cigarpage,https://www.cigarpage.com/dbl-habano-el-rey.html
Deadwood,Dominicana,infused,cigarplace,https://www.cigarplace.biz/all-brands/deadwood/deadwood-dominicana-cigars.html
Deadwood,Dominicana Buenas Noches,infused,cigarplace,https://www.cigarplace.biz/all-brands/deadwood/deadwood-dominicana-buenas-noches.html
Deadwood,Girl with No Name,infused,cigarplace,https://www.cigarplace.biz/all-brands/deadwood/deadwood-girl-with-no-name.html
Diamond Crown,Julius Caesar,,cigarplace,https://www.cigarplace.biz/all-brands/diamond-crown-cigars/diamond-crown-julius-caesar.html
Diamond Crown,Julius Caeser,,cigarpage,https://www.cigarpage.com/diamond-crown-julius-caeser.html
Diamond Crown,Maduro,,cigarpage+cigarplace,https://www.cigarplace.biz/all-brands/diamond-crown-cigars/diamond-crown-maduro.html
Diamond Crown,Maximus,,cigarpage+cigarplace,https://www.cigarplace.biz/all-brands/diamond-crown-cigars/diamond-crown-maximus.html
Diamond Crown,Natural,,cigarpage,https://www.cigarpage.com/diamond-crown-natural.html
Dias de Gloria Brazil by A.J. Fernandez,(브랜드 단일),,cigarplace,https://www.cigarplace.biz/all-brands/dias-de-gloria-brazil-by-a-j-fernandez.html
Dias de Gloria by A.J. Fernandez,(브랜드 단일),,cigarplace,https://www.cigarplace.biz/all-brands/dias-de-gloria-by-a-j-fernandez.html
Diesel,Esteli Puro,,cigarpage+cigarplace,https://www.cigarplace.biz/all-brands/diesel-cigars/diesel-esteli-puro.html
Diesel,Unlimited,,cigarplace,https://www.cigarplace.biz/all-brands/diesel-cigars/diesel-unlimited.html
Diesel,Unlimited Maduro,,cigarplace,https://www.cigarplace.biz/all-brands/diesel-cigars/diesel-unlimited-maduro.html
Diesel,Vintage Series Maduro,,cigarpage+cigarplace,https://www.cigarplace.biz/all-brands/diesel-cigars/diesel-vintage-series-maduro.html
Diesel,Vintage Series Natural,,cigarpage+cigarplace,https://www.cigarplace.biz/all-brands/diesel-cigars/diesel-vintage-series-natural.html
Diesel,Whiskey Row,,cigarpage+cigarplace,https://www.cigarplace.biz/all-brands/diesel-cigars/diesel-whiskey-row.html
Diesel,Whiskey Row Founder's Collection,,cigarpage+cigarplace,https://www.cigarplace.biz/all-brands/diesel-cigars/diesel-whiskey-row-founder-s-collection.html
Diesel,Whiskey Row Sherry Cask,,cigarpage+cigarplace,https://www.cigarplace.biz/all-brands/diesel-cigars/diesel-whiskey-row-sherry-cask.html
Dissident,Bloc,,cigarpage,https://www.cigarpage.com/dissident-bloc.html
Dissident,Rant,,cigarpage,https://www.cigarpage.com/dissident-rant.html
Dissident,Rave,,cigarpage,https://www.cigarpage.com/dissident-rave.html
Dissident,ReVolt,,cigarpage,https://www.cigarpage.com/dissident-revolt.html
Dissident,Soapbox,,cigarpage,https://www.cigarpage.com/dissident-soapbox.html
Don Diego,(브랜드 단일),,cigarpage+cigarplace,https://www.cigarplace.biz/all-brands/don-diego.html
Don Duarte,Clasico Cream,,cigarpage,https://www.cigarpage.com/don-duarte-clasico-cream.html
Don Duarte,Clasico Red,,cigarpage,https://www.cigarpage.com/don-duarte-clasico-red.html
Don Duarte,Reserva Privada Black,,cigarpage,https://www.cigarpage.com/don-duarte-reserva-privada-black.html
Don Elias,Edicion Limitada Connecticut,,cigarpage,https://www.cigarpage.com/don-elias-edicion-limitada-connecticut.html
Don Felix,Sumatra,unknown,cigarpage,https://www.cigarpage.com/don-felix-sumatra.html
Don Pepin,Garcia Black Label,,cigarplace,https://www.cigarplace.biz/all-brands/don-pepin-cigars/don-pepin-garcia-black-label.html
Don Pepin,Garcia Blue Label,,cigarplace,https://www.cigarplace.biz/all-brands/don-pepin-cigars/don-pepin-garcia-blue-label.html
Don Pepin,Garcia E.R.H.,,cigarplace,https://www.cigarplace.biz/all-brands/don-pepin-cigars/don-pepin-garcia-e-r-h.html
Don Pepin,Garcia Serie JJ,,cigarplace,https://www.cigarplace.biz/all-brands/don-pepin-cigars/don-pepin-garcia-serie-jj.html
Don Pepin,Garcia Vegas Cubanas,,cigarplace,https://www.cigarplace.biz/all-brands/don-pepin-cigars/don-pepin-garcia-vegas-cubanas.html
Don Pepin,Vintage Edition,,cigarplace,https://www.cigarplace.biz/all-brands/don-pepin-cigars/don-pepin-vintage-edition.html
Don Pepin Garcia,Blue,,cigarpage,https://www.cigarpage.com/cigars/don-pepin-garcia-blue.html
Don Pepin Garcia,Clasico 20th Anniversary,,cigarpage,https://www.cigarpage.com/cigars/don-pepin-garcia-clasico-20th-anniversary.html
Don Pepin Garcia,Cuban Classic,,cigarpage,https://www.cigarpage.com/cigars/don-pepin-garcia-c-classic.html
Don Pepin Garcia,Series JJ,,cigarpage,https://www.cigarpage.com/cigars/don-pepin-garcia-series-jj.html
Don Pepin Garcia,Vintage Edition,,cigarpage,https://www.cigarpage.com/cigars/don-pepin-vintage-edition.html
Don Tomas Sun Grown,(브랜드 단일),,cigarplace,https://www.cigarplace.biz/all-brands/don-tomas-sun-grown.html
Drew Estate,20 Acre Farm,,cigarpage,https://www.cigarpage.com/drew-estate-20-acre-farm.html
Drew Estate,Blackened M81,,cigarpage,https://www.cigarpage.com/blackened.html
Drew Estate,Blackened S84,,cigarpage,https://www.cigarpage.com/blackened-s84.html
Drew Estate,Chateau Real,,cigarpage,https://www.cigarpage.com/drew-estate-chateau-real-2.html
Drew Estate,Chateau Real Maduro,,cigarpage,https://www.cigarpage.com/drew-estate-chateau-real-maduro.html
Drew Estate,Cigarillos Tins,cigarillo,cigarpage,https://www.cigarpage.com/drew-estate-tins.html
Drew Estate,Deadwood,infused,cigarpage,https://www.cigarpage.com/deadwood.html
Drew Estate,Deadwood Dia de los Muertos,infused,cigarpage,https://www.cigarpage.com/deadwood-sweet-jane-dia-de-los-muertos.html
Drew Estate,Deadwood Dominicana,infused,cigarpage,https://www.cigarpage.com/deadwood-dominicana.html
Drew Estate,Deadwood Dominicana Buenas Noches,infused,cigarpage,https://www.cigarpage.com/deadwood-dominicana-buenas-noches.html
Drew Estate,Herrera Esteli,,cigarpage,https://www.cigarpage.com/herrera-esteli.html
Drew Estate,Herrera Esteli Brazilian Maduro,,cigarpage,https://www.cigarpage.com/herrera-esteli-brazilian-maduro.html
Drew Estate,Isla Del Sol Maduro,infused,cigarpage,https://www.cigarpage.com/isla-del-sol-maduro.html
Drew Estate,Isla Del Sol Sun Grown,infused,cigarpage,https://www.cigarpage.com/isla-del-sol-sun-grown.html
Drew Estate,Larutan,infused,cigarpage,https://www.cigarpage.com/natural-by-drew-estate.html
Drew Estate,Liga Undercrown 10,,cigarpage,https://www.cigarpage.com/liga-undercrown-10.html
Drew Estate,Liga Undercrown El Tigre Dominicano,,cigarpage,https://www.cigarpage.com/undercrown-el-tigre-dominicano.html
Drew Estate,Liga Undercrown Maduro,,cigarpage,https://www.cigarpage.com/liga-undercrown.html
Drew Estate,Liga Undercrown Shade,,cigarpage,https://www.cigarpage.com/liga-undercrown-shade.html
Drew Estate,MUWAT Kentucky Fire Cured,,cigarpage,https://www.cigarpage.com/muwat-kentucky-fire-cured.html
Drew Estate,MUWAT Kentucky Fire Cured Sweets,infused,cigarpage,https://www.cigarpage.com/drew-estate-muwat-kentucky-fire-cured-sweets.html
Drew Estate,Nica Rustica Adobe,,cigarpage,https://www.cigarpage.com/nica-rustica-adobe.html
Drew Estate,Nica Rustica Connecticut Broadleaf,,cigarpage,https://www.cigarpage.com/nica-rustica-by-drew-estate.html
Drew Estate,Nica Rustica Connecticut Shade,,cigarpage,https://www.cigarpage.com/nica-rustica-shade.html
Drew Estate,Tabak Especial,infused,cigarpage,https://www.cigarpage.com/tabak-especial.html
Drew Estate Legends,(브랜드 단일),,cigarplace,https://www.cigarplace.biz/all-brands/drew-estate-legends.html
Dunbarton Tobacco & Trust,Mi Querida,,cigarpage,https://www.cigarpage.com/dunbarton-mi-querida.html
Dunbarton Tobacco & Trust,Mi Querida Black,,cigarpage,https://www.cigarpage.com/dunbarton-mi-querida-black.html
Dunbarton Tobacco & Trust,Mi Querida Triqui Traca,,cigarpage,https://www.cigarpage.com/dunbarton-mi-querida-triqui-traca.html
Dunbarton Tobacco & Trust,Muestra de Saka,,cigarpage,https://www.cigarpage.com/dunbarton-muestra-de-saka.html
Dunbarton Tobacco & Trust,Sin Compromiso,,cigarpage,https://www.cigarpage.com/dunbarton-sin-compromiso.html
Dunbarton Tobacco & Trust,Sobremesa,,cigarpage,https://www.cigarpage.com/dunbarton-sobremesa.html
Dunbarton Tobacco & Trust,Sobremesa Brulee,,cigarpage,https://www.cigarpage.com/dunbarton-sobremesa-brulee.html
Dunbarton Tobacco & Trust,Umbagog,,cigarpage,https://www.cigarpage.com/dunbarton-umbagog.html
E.P. Carrillo,Allegiance,,cigarpage+cigarplace,https://www.cigarplace.biz/all-brands/e-p-carrillo-cigars/e-p-carrillo-allegiance.html
E.P. Carrillo,Ascend,,cigarpage,https://www.cigarpage.com/e-p-carrillo-ascend.html
E.P. Carrillo,Black Swan,,cigarpage,https://www.cigarpage.com/e-p-carrillo-black-swan.html
E.P. Carrillo,Capa de Sol,,cigarplace,https://www.cigarplace.biz/all-brands/e-p-carrillo-cigars/e-p-carrillo-capa-de-sol.html
E.P. Carrillo,Cardinal Series Maduro,,cigarplace,https://www.cigarplace.biz/all-brands/e-p-carrillo-cigars/e-p-carrillo-cardinal-series-maduro.html
E.P. Carrillo,Cardinal Series Natural,,cigarplace,https://www.cigarplace.biz/all-brands/e-p-carrillo-cigars/e-p-carrillo-cardinal-series-natural.html
E.P. Carrillo,Core Plus Maduro,,cigarplace,https://www.cigarplace.biz/all-brands/e-p-carrillo-cigars/e-p-carrillo-core-plus-maduro.html
E.P. Carrillo,Core Plus Natural,,cigarplace,https://www.cigarplace.biz/all-brands/e-p-carrillo-cigars/e-p-carrillo-core-plus-natural.html
E.P. Carrillo,Deep Blue,,cigarplace,https://www.cigarplace.biz/all-brands/e-p-carrillo-cigars/e-p-carrillo-deep-blue.html
E.P. Carrillo,Dusk,,cigarplace,https://www.cigarplace.biz/all-brands/e-p-carrillo-cigars/e-p-carrillo-dusk.html
E.P. Carrillo,Elencos,,cigarplace,https://www.cigarplace.biz/all-brands/e-p-carrillo-cigars/e-p-carrillo-elencos.html
E.P. Carrillo,Encore,,cigarpage+cigarplace,https://www.cigarplace.biz/all-brands/e-p-carrillo-cigars/e-p-carrillo-encore.html
E.P. Carrillo,Encore Black,,cigarpage+cigarplace,https://www.cigarplace.biz/all-brands/e-p-carrillo-cigars/e-p-carrillo-encore-black.html
E.P. Carrillo,Endure,,cigarplace,https://www.cigarplace.biz/all-brands/e-p-carrillo-cigars/e-p-carrillo-endure.html
E.P. Carrillo,Endure Cameroon,,cigarpage,https://www.cigarpage.com/e-p-carrillo-endure-cameroon.html
E.P. Carrillo,Essence Connecticut,,cigarpage+cigarplace,https://www.cigarplace.biz/all-brands/e-p-carrillo-cigars/e-p-carrillo-essence-connecticut.html
E.P. Carrillo,Essence Honduras,,cigarpage,https://www.cigarpage.com/e-p-carrillo-honduras.html
E.P. Carrillo,Essence Maduro,,cigarpage,https://www.cigarpage.com/e-p-carrillo-encantos-maduro-ks-epm.html
E.P. Carrillo,Essence Series,,cigarplace,https://www.cigarplace.biz/all-brands/e-p-carrillo-cigars/e-p-carrillo-essence-series.html
E.P. Carrillo,Essence Series Maduro,,cigarplace,https://www.cigarplace.biz/all-brands/e-p-carrillo-cigars/e-p-carrillo-essence-series-maduro.html
E.P. Carrillo,Essence Sumatra,,cigarpage,https://www.cigarpage.com/e-p-carrillo-sumatra.html
E.P. Carrillo,Honduras,,cigarplace,https://www.cigarplace.biz/all-brands/e-p-carrillo-cigars/e-p-carrillo-honduras.html
E.P. Carrillo,Inch,,cigarpage,https://www.cigarpage.com/e-p-carrillo-inch-ks-epi.html
E.P. Carrillo,Inch Maduro,,cigarpage+cigarplace,https://www.cigarplace.biz/all-brands/e-p-carrillo-cigars/e-p-carrillo-inch-maduro.html
E.P. Carrillo,Inch Natural,,cigarplace,https://www.cigarplace.biz/all-brands/e-p-carrillo-cigars/e-p-carrillo-inch-natural.html
E.P. Carrillo,Inch Nicaragua,,cigarpage+cigarplace,https://www.cigarplace.biz/all-brands/e-p-carrillo-cigars/e-p-carrillo-inch-nicaragua.html
E.P. Carrillo,La Historia,,cigarpage,https://www.cigarpage.com/la-historia-by-e-p-carrillo.html
E.P. Carrillo,New Wave Connecticut,,cigarpage+cigarplace,https://www.cigarplace.biz/all-brands/e-p-carrillo-cigars/e-p-carrillo-new-wave-connecticut.html
E.P. Carrillo,New Wave Reserva,,cigarplace,https://www.cigarplace.biz/all-brands/e-p-carrillo-cigars/e-p-carrillo-new-wave-reserva.html
E.P. Carrillo,Pledge,,cigarpage+cigarplace,https://www.cigarplace.biz/all-brands/e-p-carrillo-cigars/e-p-carrillo-pledge.html
E.P. Carrillo,Pledge Purple,,cigarplace,https://www.cigarplace.biz/all-brands/e-p-carrillo-cigars/e-p-carrillo-pledge-purple.html
E.P. Carrillo,Seleccion Oscuro,,cigarplace,https://www.cigarplace.biz/all-brands/e-p-carrillo-cigars/e-p-carrillo-seleccion-oscuro.html
E.P. Carrillo,Silk,,cigarpage,https://www.cigarpage.com/e-p-carrillo-silk.html
Eagle Rare,(브랜드 단일),,cigarplace,https://www.cigarplace.biz/all-brands/eagle-rare.html
EGM,Alexander Kraft x EGM,,cigarpage,https://www.cigarpage.com/egm-x-alexander-kraft.html
EGM,Classic,,cigarpage,https://www.cigarpage.com/egm.html
EGM,Maduro,,cigarpage,https://www.cigarpage.com/egm-maduro.html
Eiroa,CBT,,cigarpage,https://www.cigarpage.com/eiroa-cbt.html
Eiroa,Classic,,cigarpage,https://www.cigarpage.com/eiroa-by-eiroa.html
Eiroa,Dark 30th Anniversary,,cigarpage,https://www.cigarpage.com/eiroa-dark-30th-anniversary.html
Eiroa,The First 20 Years,,cigarpage,https://www.cigarpage.com/eiroa-the-first-20-years.html
Eiroa CBT Maduro,(브랜드 단일),,cigarplace,https://www.cigarplace.biz/all-brands/eiroa-cbt-maduro.html
Eiroa Classic,(브랜드 단일),,cigarplace,https://www.cigarplace.biz/all-brands/eiroa-classic.html
Eiroa Dark Natural,(브랜드 단일),,cigarplace,https://www.cigarplace.biz/all-brands/eiroa-dark-natural.html
Eiroa Jamastran,(브랜드 단일),,cigarplace,https://www.cigarplace.biz/all-brands/eiroa-jamastran.html
Eiroa The First 20 Years,(브랜드 단일),,cigarplace,https://www.cigarplace.biz/all-brands/eiroa-the-first-20-years.html
Eiroa The First 20 Years Colorado,(브랜드 단일),,cigarplace,https://www.cigarplace.biz/all-brands/eiroa-the-first-20-years-colorado.html
El Baton,(브랜드 단일),,cigarpage+cigarplace,https://www.cigarplace.biz/all-brands/el-baton.html
El Centurion,(브랜드 단일),,cigarplace,https://www.cigarplace.biz/all-brands/el-centurion.html
El Coto,Habano,unknown,cigarpage,https://www.cigarpage.com/el-coto-habano.html
El Galan,Habano Campestre,,cigarpage,https://www.cigarpage.com/el-galan-campestre-habano-by-felix-mesa.html
El Gueguense,(브랜드 단일),,cigarplace,https://www.cigarplace.biz/all-brands/el-gueguense.html
El Mago,Disco,,cigarpage,https://www.cigarpage.com/el-mago-disco.html
El Mago,El Cubano,,cigarpage,https://www.cigarpage.com/el-mago-el-cubano.html
El Mago,Jaguar,,cigarpage,https://www.cigarpage.com/el-mago-jaguar.html
El Mago,James Avenue,,cigarpage,https://www.cigarpage.com/el-mago-james-avenue.html
El Mago,Lotus,,cigarpage,https://www.cigarpage.com/el-mago-lotus.html
El Mago,Miami Art Deco Edition,,cigarpage,https://www.cigarpage.com/el-mago-miami-art-deco-edition.html
El Mago,Miami Maduro,,cigarpage,https://www.cigarpage.com/el-mago-miami-maduro.html
El Mago,Mistico,,cigarpage,https://www.cigarpage.com/el-mago-mistico.html
El Mago,Pepe,,cigarpage,https://www.cigarpage.com/el-mago-pepe-maduro.html
El Mago,Renegade,,cigarpage,https://www.cigarpage.com/el-mago-renegade.html
El Mago,Solstice,,cigarpage,https://www.cigarpage.com/el-mago-solstice.html
El Mago,Triunfante Connecticut,,cigarpage,https://www.cigarpage.com/el-mago-triunfante-connecticut.html
El Mejor Espresso,(브랜드 단일),infused,cigarplace,https://www.cigarplace.biz/all-brands/el-mejor-espresso.html
El Pulpo by Artesano del Tobacco,(브랜드 단일),,cigarplace,https://www.cigarplace.biz/all-brands/el-pulpo-by-artesano-del-tobacco.html
El Rey del Mundo,Appointment,,cigarpage,https://www.cigarpage.com/el-rey-del-mundo-appointment.html
El Rey del Mundo,King of The World VSOP,,cigarpage,https://www.cigarpage.com/el-rey-del-mundo-king-of-the-world-vsop.html
El Rey del Mundo,Oscuro,,cigarpage,https://www.cigarpage.com/el-rey-del-mundo-oscuro.html
El Rey del Mundo,Shade Grown,,cigarpage+cigarplace,https://www.cigarplace.biz/all-brands/el-rey-del-mundo/el-rey-del-mundo-shade-grown-cigars.html
El Rey del Mundo Naturals Reserva Salado,(브랜드 단일),,cigarplace,https://www.cigarplace.biz/all-brands/el-rey-del-mundo-naturals-reserva-salado.html
El Rico Habano,(브랜드 단일),,cigarplace,https://www.cigarplace.biz/all-brands/el-rico-habano.html
El Septimo,The Alexandra Collection,,cigarpage,https://www.cigarpage.com/el-septimo-the-alexandra-collection.html
El Septimo,The Culinary Collection,,cigarpage,https://www.cigarpage.com/el-septimo-the-culinary-collection-spain.html
El Septimo,The Emperor Collection Yao,,cigarpage,https://www.cigarpage.com/el-septimo-the-emperor-collection-yao-maduro.html
El Septimo,The Luxus Collection Excepcion White,,cigarpage,https://www.cigarpage.com/el-septimo-the-luxus-collection-excepcion-white.html
El Septimo,The Luxus Collection Flamingo,,cigarpage,https://www.cigarpage.com/el-septimo-the-luxus-collection-flamingo.html
El Septimo,The Luxus Collection Rebelde Blue,,cigarpage,https://www.cigarpage.com/el-septimo-the-luxus-collection-rebelde-blue.html
El Titan de Bronze,Black Swan,,cigarpage,https://www.cigarpage.com/el-titan-de-bronze-black-swan.html
El Titan de Bronze,Nicaragua,,cigarpage,https://www.cigarpage.com/el-titan-de-bronze-nicaragua.html
El Titan de Bronze,Seleccion de La Casa Connecticut,,cigarpage,https://www.cigarpage.com/el-titan-de-bronze-seleccion-de-la-casa-connecticut.html
El Titan de Bronze,Seleccion de La Casa Habano,,cigarpage,https://www.cigarpage.com/el-titan-de-bronze-seleccion-de-la-casa-habano.html
El Titan de Bronze,Seleccion de La Casa Maduro,,cigarpage,https://www.cigarpage.com/el-titan-de-bronze-seleccion-de-la-casa-maduro.html
El Viejo Continente,5 Anos,,cigarpage,https://www.cigarpage.com/el-viejo-continente-5-anos.html
El Viejo Continente,Classico,,cigarpage,https://www.cigarpage.com/el-viejo-continente-classico.html
El Viejo Continente,Edicion Esteli,,cigarpage,https://www.cigarpage.com/el-viejo-continente-edicion-esteli.html
El Viejo Continente,Maduro,,cigarpage,https://www.cigarpage.com/el-viejo-continente-maduro.html
El Viejo Continente,Mare Nostrum,,cigarpage,https://www.cigarpage.com/el-viejo-continente-mare-nustrum.html
El Viejo Continente,The Circus,,cigarpage,https://www.cigarpage.com/el-viejo-continente-the-circus-vulcano.html
Emilio Cigars,Cavatina,,cigarpage,https://www.cigarpage.com/emilio-cigars-cavatina.html
Emilio Cigars,LJZ,,cigarpage,https://www.cigarpage.com/emilio-cigars-ljz.html
Emilio Cigars,Papa Joe,,cigarpage,https://www.cigarpage.com/emilio-cigars-papa-joe.html
Emilio Cigars,Side 1 AF1,,cigarpage,https://www.cigarpage.com/emilio-cigars-side-1-af1.html
Emilio Cigars,Side 2 AF2,,cigarpage,https://www.cigarpage.com/emilio-cigars-side-2-af2.html
Emilio Cigars,Static,,cigarpage,https://www.cigarpage.com/emilio-cigars-static-robusto.html
Emilio Cigars,Suave,,cigarpage,https://www.cigarpage.com/emilio-cigars-suave.html
Emilio Cigars,Suave Maduro,,cigarpage,https://www.cigarpage.com/emilio-cigars-suave-maduro.html
Enclave Broadleaf by AJ Fernandez,(브랜드 단일),,cigarplace,https://www.cigarplace.biz/all-brands/enclave-broadleaf-by-aj-fernandez.html
Enclave by AJ Fernandez,(브랜드 단일),,cigarplace,https://www.cigarplace.biz/all-brands/enclave-by-aj-fernandez.html
Enclave by Eladio Diaz,(브랜드 단일),,cigarplace,https://www.cigarplace.biz/all-brands/enclave-by-eladio-diaz.html
Espinosa,Crema,,cigarpage,https://www.cigarpage.com/espinosa-crema.html
Espinosa,Habano,,cigarpage+cigarplace,https://www.cigarplace.biz/all-brands/espinosa-cigars/espinosa-habano.html
Espinosa,Knuckle Sandwich Connecticut,,cigarpage,https://www.cigarpage.com/espinosa-knuckle-sandwich-connecticut.html
Espinosa,Knuckle Sandwich Habano,,cigarpage+cigarplace,https://www.cigarplace.biz/all-brands/espinosa-cigars/espinosa-knuckle-sandwich-habano.html
Espinosa,Knuckle Sandwich Maduro,,cigarpage,https://www.cigarpage.com/espinosa.html
Espinosa,Knuckle Sandwich Puro Nicaragua,,cigarpage+cigarplace,https://www.cigarplace.biz/all-brands/espinosa-cigars/espinosa-knuckle-sandwich-puro-nicaragua.html
Espinosa,Knuckle Sandwich The Chef's Special,,cigarpage,https://www.cigarpage.com/espinosa-knuckle-sandwich-the-chef-s-special.html
Espinosa,Laranja Azulejo,,cigarpage,https://www.cigarpage.com/espinosa-laranja-azulejo.html
Espinosa,Laranja Reserva Escuro,,cigarpage,https://www.cigarpage.com/espinosa-laranja-reserva-escuro.html
Espinosa,Sumatra,,cigarpage,https://www.cigarpage.com/espinosa-sumatra.html
Espinosa,Wasabi,,cigarplace,https://www.cigarplace.biz/all-brands/espinosa-cigars/wasabi-by-espinosa.html
Esteban Carreras,10 Anos Maduro,,cigarpage,https://www.cigarpage.com/esteban-carreras-10-anos-maduro.html
Esteban Carreras,Bloodline Blondie,,cigarpage,https://www.cigarpage.com/esteban-carreras-bloodline-blondie.html
Esteban Carreras,Bloodline Habano,,cigarpage,https://www.cigarpage.com/esteban-carreras-bloodline-habano.html
Esteban Carreras,Bloodline Maduro,,cigarpage,https://www.cigarpage.com/esteban-carreras-bloodline-maduro.html
Esteban Carreras,Cashmere,,cigarpage,https://www.cigarpage.com/esteban-carreras-cashmere.html
Esteban Carreras,Chupacabra 10th Anniversary,,cigarpage,https://www.cigarpage.com/esteban-carreras-chupacabra-10th-anniversary.html
Esteban Carreras,Chupacabra Habano,,cigarpage,https://www.cigarpage.com/esteban-carreras-chupacabra-habano.html
Esteban Carreras,Chupacabra Hellcat,,cigarpage,https://www.cigarpage.com/esteban-carreras-chupacabra-hellcat.html
Esteban Carreras,Chupacabra Maduro,,cigarpage,https://www.cigarpage.com/esteban-carreras-chupacabra-maduro.html
Esteban Carreras,Covenant Maduro,,cigarpage,https://www.cigarpage.com/esteban-carreras-covenant-maduro.html
Esteban Carreras,Dictator's Hand,,cigarpage,https://www.cigarpage.com/esteban-carreras-devils-hand.html
Esteban Carreras,Dictator's Hand Maduro,,cigarpage,https://www.cigarpage.com/esteban-carreras-devils-hand-maduro.html
Esteban Carreras,Mr. Brownstone Maduro,,cigarpage,https://www.cigarpage.com/esteban-carreras-mr-brownstone-maduro.html
Esteban Carreras,Mr. Brownstone Natural,,cigarpage,https://www.cigarpage.com/esteban-carreras-mr-brownstone-natural.html
Esteban Carreras,Unforsaken,,cigarpage,https://www.cigarpage.com/esteban-carreras-unforsaken.html
Exactus,(브랜드 단일),unknown,cigarpage,https://www.cigarpage.com/exactus.html
Excalibur,Maduro,,cigarplace,https://www.cigarplace.biz/all-brands/excalibur-cigars/excalibur-maduro.html
Excalibur,Natural,,cigarplace,https://www.cigarplace.biz/all-brands/excalibur-cigars/excalibur-natural.html
Fallen Angel,(브랜드 단일),unknown,cigarplace,https://www.cigarplace.biz/all-brands/fallen-angel-cigars.html
Ferio Tego,Metropolitan,,cigarplace,https://www.cigarplace.biz/all-brands/ferio-tego-cigars/ferio-tego-metropolitan.html
Ferio Tego,Metropolitan Connecticut,,cigarpage,https://www.cigarpage.com/ferio-tego-metropolitan-connecticut.html
Ferio Tego,Metropolitan Habano,,cigarpage,https://www.cigarpage.com/ferio-tego-metropolitan-habano.html
Ferio Tego,Metropolitan Host,,cigarplace,https://www.cigarplace.biz/all-brands/ferio-tego-cigars/ferio-tego-metropolitan-host.html
Ferio Tego,Metropolitan Maduro,,cigarpage+cigarplace,https://www.cigarplace.biz/all-brands/ferio-tego-cigars/ferio-tego-metropolitan-maduro.html
Ferio Tego,Metropolitan Selection Host,,cigarpage,https://www.cigarpage.com/ferio-tego-metropolitan-selection-host.html
Ferio Tego,Metropolitan Selection Host Maduro,,cigarpage,https://www.cigarpage.com/ferio-tego-metropolitan-selection-host-maduro.html
Ferio Tego,Summa,,cigarpage,https://www.cigarpage.com/ferio-tego-summa.html
Ferio Tego,Timeless Panamericana,,cigarpage+cigarplace,https://www.cigarplace.biz/all-brands/ferio-tego-cigars/ferio-tego-timeless-panamericana.html
Ferio Tego,Timeless Prestige,,cigarpage+cigarplace,https://www.cigarplace.biz/all-brands/ferio-tego-cigars/ferio-tego-timeless-prestige.html
Ferio Tego,Timeless Sterling,,cigarpage+cigarplace,https://www.cigarplace.biz/all-brands/ferio-tego-cigars/ferio-tego-timeless-sterling.html
Ferio Tego,Timeless Supreme,,cigarpage+cigarplace,https://www.cigarplace.biz/all-brands/ferio-tego-cigars/ferio-tego-timeless-supreme.html
Ferio Tego Summa,(브랜드 단일),,cigarplace,https://www.cigarplace.biz/all-brands/ferio-tego-summa.html
Fernando Leon Family Reserve,(브랜드 단일),,cigarplace,https://www.cigarplace.biz/all-brands/fernando-leon-family-reserve.html
Fireball,(브랜드 단일),infused,cigarplace,https://www.cigarplace.biz/all-brands/fireball-cigars.html
Flor de las Antillas,Maduro,,cigarpage,https://www.cigarpage.com/cigars/flor-de-las-antillas-maduro.html
Flor de las Antillas Maduro,(브랜드 단일),,cigarplace,https://www.cigarplace.biz/all-brands/flor-de-las-antillas-maduro.html
Florida Man,Cameroon,,cigarpage,https://www.cigarpage.com/florida-man-cameroon.html
Florida Man,Miami Edición Limitada,,cigarpage,https://www.cigarpage.com/florida-man-miami-edicion-limitada.html
Florida Sun Grown by Drew Estate,(브랜드 단일),,cigarplace,https://www.cigarplace.biz/all-brands/florida-sun-grown-by-drew-estate.html
Fonseca,Classic,,cigarplace,https://www.cigarplace.biz/all-brands/fonseca-cigars/fonseca-classic.html
Fonseca,Cubano Exclusivo,,cigarplace,https://www.cigarplace.biz/all-brands/fonseca-cigars/fonseca-cubano-exclusivo.html
Fonseca,Cubano Limitado,,cigarplace,https://www.cigarplace.biz/all-brands/fonseca-cigars/fonseca-cubano-limitado.html
Fonseca,Edition MX,,cigarpage,https://www.cigarpage.com/cigars/fonseca-by-my-father-edition-mx-toro.html
Fonseca,Mexico Edition,,cigarplace,https://www.cigarplace.biz/all-brands/fonseca-cigars/fonseca-mexico-edition.html
Fonseca,Nicaragua,,cigarplace,https://www.cigarplace.biz/all-brands/fonseca-cigars/fonseca-nicaragua.html
Foundation Cigar Co.,10th Anniversary,,cigarpage,https://www.cigarpage.com/foundation-cigar-co-10th-anniversary.html
Foundation Cigar Co.,Aksum Claro,,cigarpage+cigarplace,https://www.cigarplace.biz/all-brands/foundation-cigar-co/aksum-claro.html
Foundation Cigar Co.,Aksum Maduro,,cigarpage+cigarplace,https://www.cigarplace.biz/all-brands/foundation-cigar-co/aksum-maduro.html
Foundation Cigar Co.,Charter Especiales CT Shade,,cigarplace,https://www.cigarplace.biz/all-brands/foundation-cigar-co/charter-especiales-ct-shade.html
Foundation Cigar Co.,Charter Oak Connecticut Broadleaf Maduro,,cigarpage,https://www.cigarpage.com/charter-oak-maduro.html
Foundation Cigar Co.,Charter Oak Connecticut Shade,,cigarpage+cigarplace,https://www.cigarplace.biz/all-brands/foundation-cigar-co/foundation-charter-oak-connecticut-shade.html
Foundation Cigar Co.,Charter Oak Especiales,,cigarpage+cigarplace,https://www.cigarplace.biz/all-brands/foundation-cigar-co/charter-oak-especiales.html
Foundation Cigar Co.,Charter Oak Habano,,cigarpage+cigarplace,https://www.cigarplace.biz/all-brands/foundation-cigar-co/charter-oak-habano.html
Foundation Cigar Co.,Foundation 10 Year Aniversario,,cigarplace,https://www.cigarplace.biz/all-brands/foundation-cigar-co/foundation-10-year-aniversario.html
Foundation Cigar Co.,Foundation Charter Oak Connecticut Broadleaf,,cigarplace,https://www.cigarplace.biz/all-brands/foundation-cigar-co/foundation-charter-oak-connecticut-broadleaf.html
Foundation Cigar Co.,Highclere Castle,,cigarplace,https://www.cigarplace.biz/all-brands/foundation-cigar-co/highclere-castle.html
Foundation Cigar Co.,Highclere Castle Edwardian,,cigarplace,https://www.cigarplace.biz/all-brands/foundation-cigar-co/highclere-castle-edwardian.html
Foundation Cigar Co.,Highclere Castle Edwardian Shade,,cigarpage,https://www.cigarpage.com/foundation-highclere-castle-edwardian-shade.html
Foundation Cigar Co.,Highclere Castle Victorian,,cigarpage,https://www.cigarpage.com/foundation-highclere-castle-victorian-sungrown.html
Foundation Cigar Co.,Olmec Claro,,cigarpage+cigarplace,https://www.cigarplace.biz/all-brands/foundation-cigar-co/olmec-claro.html
Foundation Cigar Co.,Olmec Maduro,,cigarpage+cigarplace,https://www.cigarplace.biz/all-brands/foundation-cigar-co/olmec-maduro.html
Foundation Cigar Co.,The Tabernacle,,cigarplace,https://www.cigarplace.biz/all-brands/foundation-cigar-co/the-tabernacle.html
Foundation Cigar Co.,The Tabernacle Broadleaf Maduro,,cigarpage,https://www.cigarpage.com/the-tabernacle-broadleaf-maduro.html
Foundation Cigar Co.,The Tabernacle Havana Seed,,cigarplace,https://www.cigarplace.biz/all-brands/foundation-cigar-co/the-tabernacle-havana-seed.html
Foundation Cigar Co.,The Tabernacle Havana Seed CT #142,,cigarpage,https://www.cigarpage.com/the-tabernacle-havana-seed-ct-142.html
Foundation Cigar Co.,The Upsetters,,cigarpage+cigarplace,https://www.cigarplace.biz/all-brands/foundation-cigar-co/the-upsetters.html
Foundation Cigar Co.,The Upsetters Maduro,,cigarplace,https://www.cigarplace.biz/all-brands/foundation-cigar-co/the-upsetters-maduro.html
Foundation Cigar Co.,The Wise Man Corojo,,cigarpage+cigarplace,https://www.cigarplace.biz/all-brands/foundation-cigar-co/the-wise-man-corojo.html
Foundation Cigar Co.,The Wise Man Maduro,,cigarpage+cigarplace,https://www.cigarplace.biz/all-brands/foundation-cigar-co/the-wise-man-maduro.html
Four Kicks,(브랜드 단일),,cigarplace,https://www.cigarplace.biz/all-brands/four-kicks.html
Four Kicks Capa Especial,(브랜드 단일),,cigarplace,https://www.cigarplace.biz/all-brands/four-kicks-capa-especial.html
Four Kicks Maduro,(브랜드 단일),,cigarplace,https://www.cigarplace.biz/all-brands/four-kicks-maduro.html
Fratello,Navetta,,cigarplace,https://www.cigarplace.biz/all-brands/fratello/fratello-navetta.html
Fratello,Navetta Inverso,,cigarpage,https://www.cigarpage.com/fratello-navetta-inverso.html
Fratello,Oro,,cigarplace,https://www.cigarplace.biz/all-brands/fratello/fratello-oro.html
Free Will,(브랜드 단일),unknown,cigarpage,https://www.cigarpage.com/free-will.html
Freyja,(브랜드 단일),,cigarplace,https://www.cigarplace.biz/all-brands/freyja.html
G.A.R. by George Rico,(브랜드 단일),,cigarplace,https://www.cigarplace.biz/all-brands/gar-by-george-rico.html
Gellis Family Cigars,Absolutos,,cigarpage,https://www.cigarpage.com/warped-gellis-family-cigars-absolutos.html
Gellis Family Cigars,Marevas,,cigarpage,https://www.cigarpage.com/warped-gellis-family-cigars-marevas.html
Gellis Family Cigars,Piece Unique,,cigarpage,https://www.cigarpage.com/gellis-family-cigars-piece-unique.html
Gellis Family Cigars,Saunter,,cigarpage,https://www.cigarpage.com/gellis-family-cigars-saunter.html
Gilberto Oliva,Reserva,,cigarpage,https://www.cigarpage.com/cigars/gilberto-oliva-reserva.html
Gilberto Oliva,Reserva Blanc,,cigarpage,https://www.cigarpage.com/cigars/gilberto-olivia-reserva-blanc.html
Gilberto Oliva Reserva,(브랜드 단일),,cigarplace,https://www.cigarplace.biz/all-brands/gilberto-oliva-reserva.html
Gilberto Oliva Reserva Blanc,(브랜드 단일),,cigarplace,https://www.cigarplace.biz/all-brands/gilberto-oliva-reserva-blanc.html
Gispert,Intenso,,cigarpage,https://www.cigarpage.com/gispert-intenso.html
Gispert Intenso,(브랜드 단일),,cigarplace,https://www.cigarplace.biz/all-brands/gispert-intenso.html
God of Fire,2014 Serie Aniversario,,cigarplace,https://www.cigarplace.biz/all-brands/god-of-fire-cigars/god-of-fire-2014-serie-aniversario.html
Got Your 6,Habano,unknown,cigarpage,https://www.cigarpage.com/got-your-6-habano.html
Gran Cantera,Maduro,unknown,cigarpage,https://www.cigarpage.com/gran-cantera-maduro.html
Gran Habano,#3 SLS,,cigarplace,https://www.cigarplace.biz/all-brands/gran-habano-cigars/gran-habano-3-sls.html
Gran Habano,Azteca,,cigarplace,https://www.cigarplace.biz/all-brands/gran-habano-cigars/gran-habano-azteca.html
Gran Habano,Black Dahlia STK,,cigarplace,https://www.cigarplace.biz/all-brands/gran-habano-cigars/gran-habano-black-dahlia-stk.html
Gran Habano,Blue in Green,,cigarplace,https://www.cigarplace.biz/all-brands/gran-habano-cigars/gran-habano-blue-in-green.html
Gran Habano,Connecticut #1,,cigarplace,https://www.cigarplace.biz/all-brands/gran-habano-cigars/gran-habano-connecticut-1.html
Gran Habano,Corojo #5,,cigarplace,https://www.cigarplace.biz/all-brands/gran-habano-cigars/gran-habano-corojo-5.html
Gran Habano,Corojo #5 Maduro,,cigarplace,https://www.cigarplace.biz/all-brands/gran-habano-cigars/gran-habano-corojo-5-maduro.html
Gran Habano,G.A.R. White,,cigarplace,https://www.cigarplace.biz/all-brands/gran-habano-cigars/gran-habano-g-a-r-white.html
Gran Habano,Habano #3,,cigarplace,https://www.cigarplace.biz/all-brands/gran-habano-cigars/gran-habano-habano-3.html
Gran Habano,La Conquista,,cigarplace,https://www.cigarplace.biz/all-brands/gran-habano-cigars/gran-habano-la-conquista.html
Gran Habano,Persian King,,cigarplace,https://www.cigarplace.biz/all-brands/gran-habano-cigars/persian-king.html
Gran Habano,Persian Queen Limitada,,cigarplace,https://www.cigarplace.biz/all-brands/gran-habano-cigars/persian-queen-limitada.html
Gran Habano,Vintage 2002,,cigarplace,https://www.cigarplace.biz/all-brands/gran-habano-cigars/gran-habano-vintage-2002.html
Graycliff,America,,cigarpage,https://www.cigarpage.com/graycliff-america.html
Graycliff,Artisan Barber Pole,,cigarpage,https://www.cigarpage.com/graycliff-artisan-barber-pole-shaggy.html
Graycliff,Artisan PGXXX,,cigarpage,https://www.cigarpage.com/graycliff-artisan-pgxxx.html
Graycliff,Artisan Pinstripe Connecticut,,cigarpage,https://www.cigarpage.com/graycliff-artisan-pinstripe-conn.html
Graycliff,Artisan Triple-Wrapper,,cigarpage,https://www.cigarpage.com/graycliff-artisan-triple-wrapper.html
Graycliff,Black,,cigarpage,https://www.cigarpage.com/graycliff-black.html
Graycliff,Black LE Triple Black,,cigarpage,https://www.cigarpage.com/graycliff-black-le.html
Graycliff,Emerald,,cigarpage,https://www.cigarpage.com/graycliff-emerald.html
Graycliff,Fabrica,,cigarpage,https://www.cigarpage.com/graycliff-fabrica.html
Graycliff,G2,,cigarplace,https://www.cigarplace.biz/all-brands/graycliff/graycliff-g2.html
Graycliff,Grey,,cigarpage,https://www.cigarpage.com/graycliff-grey.html
Graycliff,Ivory,,cigarpage,https://www.cigarpage.com/graycliff-ivory.html
Graycliff,Nicaragua Maduro,,cigarpage,https://www.cigarpage.com/graycliff-nicaragua-maduro-bp.html
Guardian of the Farm,Maduro Nightwatch,,cigarpage,https://www.cigarpage.com/guardian-of-the-farm-maduro-nightwatch.html
Guillermo Leon,(브랜드 단일),,cigarplace,https://www.cigarplace.biz/all-brands/guillermo-leon.html
Gurkha,125th Anniversary,,cigarpage+cigarplace,https://www.cigarplace.biz/all-brands/gurkha-cigars/gurkha-125th-anniversary.html
Gurkha,Barracuda,,cigarpage+cigarplace,https://www.cigarplace.biz/all-brands/gurkha-cigars/gurkha-barracuda.html
Gurkha,Beast,,cigarpage+cigarplace,https://www.cigarplace.biz/all-brands/gurkha-cigars/gurkha-beast.html
Gurkha,Beauty,,cigarpage+cigarplace,https://www.cigarplace.biz/all-brands/gurkha-cigars/gurkha-beauty.html
Gurkha,Black Dragon,,cigarpage,https://www.cigarpage.com/gurkha-black-dragon.html
Gurkha,Black Puro,,cigarpage,https://www.cigarpage.com/gurkha-black-puro.html
Gurkha,Blend Master's Cask,,cigarpage,https://www.cigarpage.com/gurkha-blend-master-s-cask.html
Gurkha,Cask Blend,,cigarpage+cigarplace,https://www.cigarplace.biz/all-brands/gurkha-cigars/gurkha-cask-blend.html
Gurkha,Cellar Reserve,,cigarplace,https://www.cigarplace.biz/all-brands/gurkha-cigars/gurkha-cellar-reserve.html
Gurkha,Cellar Reserve 12 Year Platinum Edition,,cigarpage,https://www.cigarpage.com/gurkha-cellar-reserve-12-year-platinum-edition.html
Gurkha,Cellar Reserve 15 Year,,cigarpage,https://www.cigarpage.com/gurkha-cellar-reserve-15-year.html
Gurkha,Cellar Reserve 15 Year Limitada,,cigarpage,https://www.cigarpage.com/gurkha-cellar-reserve.html
Gurkha,Cellar Reserve 18 Year Edicion Especial,,cigarpage,https://www.cigarpage.com/gurkha-cellar-reserve-edicion-especial.html
Gurkha,Cellar Reserve 21 Year,,cigarpage+cigarplace,https://www.cigarplace.biz/all-brands/gurkha-cigars/gurkha-cellar-reserve-21-year.html
Gurkha,Cellar Reserve Edicion Especial,,cigarplace,https://www.cigarplace.biz/all-brands/gurkha-cigars/gurkha-cellar-reserve-edicion-especial.html
Gurkha,Cellar Reserve Limitada,,cigarplace,https://www.cigarplace.biz/all-brands/gurkha-cigars/gurkha-cellar-reserve-limitada.html
Gurkha,Centurian,,cigarpage,https://www.cigarpage.com/gurkha-centurian.html
Gurkha,Chateau de Prive,,cigarpage,https://www.cigarpage.com/gurkha-chateau-de-prive.html
Gurkha,Class Regent,,cigarplace,https://www.cigarplace.biz/all-brands/gurkha-cigars/gurkha-class-regent.html
Gurkha,Classic Havana Blend,,cigarpage,https://www.cigarpage.com/gurkha-classic-hav-toro.html
Gurkha,Crest,,cigarplace,https://www.cigarplace.biz/all-brands/gurkha-cigars/gurkha-crest.html
Gurkha,Crest Connecticut,,cigarpage,https://www.cigarpage.com/gurkha-crest.html
Gurkha,Crest Maduro,,cigarpage,https://www.cigarpage.com/gurkha-crest-maduro.html
Gurkha,Doble Maduro,,cigarpage,https://www.cigarpage.com/gurkha-doble-maduro.html
Gurkha,Double Fuerte,,cigarpage,https://www.cigarpage.com/gurkha-double-fuerte.html
Gurkha,Elegance,,cigarpage+cigarplace,https://www.cigarplace.biz/all-brands/gurkha-cigars/gurkha-elegance.html
Gurkha,Founders Select,,cigarpage,https://www.cigarpage.com/gurkha-founders-select.html
Gurkha,Fuerte,,cigarpage,https://www.cigarpage.com/gurkha-fuerte.html
Gurkha,Genghis Khan,,cigarpage,https://www.cigarpage.com/gurkha-genghis-khan.html
Gurkha,Ghost,,cigarpage+cigarplace,https://www.cigarplace.biz/all-brands/gurkha-cigars/gurkha-ghost.html
Gurkha,Ghost Connecticut,,cigarpage,https://www.cigarpage.com/gurkha-ghost-connecticut.html
Gurkha,Ghost Gold,,cigarpage,https://www.cigarpage.com/gurkha-ghost-gold.html
Gurkha,Grand Age,,cigarpage,https://www.cigarpage.com/gurkha-grand-age.html
Gurkha,Grand Reserve,,cigarpage+cigarplace,https://www.cigarplace.biz/all-brands/gurkha-cigars/gurkha-grand-reserve.html
Gurkha,Havana Legend,,cigarpage,https://www.cigarpage.com/gurkha-havana-legend.html
Gurkha,Heritage,,cigarpage+cigarplace,https://www.cigarplace.biz/all-brands/gurkha-cigars/gurkha-heritage.html
Gurkha,Legend,,cigarpage+cigarplace,https://www.cigarplace.biz/all-brands/gurkha-cigars/gurkha-legend.html
Gurkha,Legend Maduro,,cigarpage,https://www.cigarpage.com/gurkha-legend-maduro.html
Gurkha,Marquesa,,cigarpage,https://www.cigarpage.com/gurkha-marquesa.html
Gurkha,Master Select,,cigarpage+cigarplace,https://www.cigarplace.biz/all-brands/gurkha-cigars/gurkha-master-select.html
Gurkha,Master Select Maduro,,cigarpage,https://www.cigarpage.com/gurkha-master-select-maduro.html
Gurkha,Military Spec,,cigarpage,https://www.cigarpage.com/gurkha-military-spec.html
Gurkha,Nemesis,,cigarpage,https://www.cigarpage.com/gurkha-nemesis.html
Gurkha,Nicaragua Series,,cigarpage,https://www.cigarpage.com/gurkha-nicaragua-series.html
Gurkha,Ninja,,cigarpage+cigarplace,https://www.cigarplace.biz/all-brands/gurkha-cigars/gurkha-ninja.html
Gurkha,Pan American,,cigarpage+cigarplace,https://www.cigarplace.biz/all-brands/gurkha-cigars/gurkha-pan-american.html
Gurkha,Pan American Connecticut,,cigarpage,https://www.cigarpage.com/gurkha-pan-american.html
Gurkha,Park Lane,,cigarplace,https://www.cigarplace.biz/all-brands/gurkha-cigars/gurkha-park-lane.html
Gurkha,Private Select,,cigarplace,https://www.cigarplace.biz/all-brands/gurkha-cigars/gurkha-private-select.html
Gurkha,Rare Limited Edition,,cigarplace,https://www.cigarplace.biz/all-brands/gurkha-cigars/gurkha-rare-limited-edition.html
Gurkha,Regatta,,cigarpage,https://www.cigarpage.com/gurkha-regatta.html
Gurkha,Regent,,cigarpage,https://www.cigarpage.com/gurkha-regent.html
Gurkha,Rogue,,cigarpage+cigarplace,https://www.cigarplace.biz/all-brands/gurkha-cigars/gurkha-rogue.html
Gurkha,Royal Challenge,,cigarplace,https://www.cigarplace.biz/all-brands/gurkha-cigars/gurkha-royal-challenge.html
Gurkha,Royal Challenge Connecticut,,cigarpage,https://www.cigarpage.com/gurkha-royal-challenge-connecticut.html
Gurkha,Royal Challenge Maduro,,cigarpage+cigarplace,https://www.cigarplace.biz/all-brands/gurkha-cigars/gurkha-royal-challenge-maduro.html
Gurkha,Royal Reserve,,cigarplace,https://www.cigarplace.biz/all-brands/gurkha-cigars/gurkha-royal-reserve.html
Gurkha,San Miguel,,cigarpage,https://www.cigarpage.com/gurkha-san-miguel.html
Gurkha,Seduction,,cigarpage+cigarplace,https://www.cigarplace.biz/all-brands/gurkha-cigars/gurkha-seduction.html
Gurkha,Sniper,,cigarplace,https://www.cigarplace.biz/all-brands/gurkha-cigars/gurkha-sniper.html
Gurkha,Special Ops,,cigarpage+cigarplace,https://www.cigarplace.biz/all-brands/gurkha-cigars/gurkha-special-ops.html
Gurkha,Status,,cigarpage,https://www.cigarpage.com/gurkha-status.html
Gurkha,Symphony,,cigarpage,https://www.cigarpage.com/gurkha-symphony.html
Gurkha,Titan,,cigarpage+cigarplace,https://www.cigarplace.biz/all-brands/gurkha-cigars/gurkha-titan.html
Gurkha,Treinta,,cigarpage,https://www.cigarpage.com/gurkha-treinta.html
Gurkha,Triad,,cigarplace,https://www.cigarplace.biz/all-brands/gurkha-cigars/gurkha-triad.html
Gurkha,Trinity,,cigarplace,https://www.cigarplace.biz/all-brands/gurkha-cigars/gurkha-trinity.html
Gurkha,Triple Black Maduro,,cigarpage,https://www.cigarpage.com/gurkha-triple-black-maduro.html
Gurkha,Triple Ligero,,cigarpage,https://www.cigarpage.com/gurkha-triple-ligero.html
Gurkha,Vintage 2001,,cigarpage,https://www.cigarpage.com/gurkha-vintage-2001.html
Gurkha,Vintage Shaggy,,cigarpage,https://www.cigarpage.com/gurkha-vintage-shaggy.html
Gurkha,Warlord,,cigarpage+cigarplace,https://www.cigarplace.biz/all-brands/gurkha-cigars/gurkha-warlord.html
Gurkha,Warpig,,cigarplace,https://www.cigarplace.biz/all-brands/gurkha-cigars/gurkha-warpig.html
Gurkha,Xtreme,,cigarplace,https://www.cigarplace.biz/all-brands/gurkha-cigars/gurkha-xtreme.html
H. Upmann,175th Anniversary,,cigarplace,https://www.cigarplace.biz/all-brands/h-upmann-1/h-upmann-175th-anniversary.html
H. Upmann,1844 Anejo,,cigarpage+cigarplace,https://www.cigarplace.biz/all-brands/h-upmann-1/h-upmann-1844-anejo.html
H. Upmann,1844 Classic,,cigarpage,https://www.cigarpage.com/h-upmann-1844-classic.html
H. Upmann,1844 Reserve,,cigarpage+cigarplace,https://www.cigarplace.biz/all-brands/h-upmann-1/h-upmann-1844-reserve.html
H. Upmann,1844 Vintage Cameroon,,cigarpage,https://www.cigarpage.com/h-upmann-vintage-cameroon.html
H. Upmann,Connecticut,,cigarplace,https://www.cigarplace.biz/all-brands/h-upmann-1/h-upmann-connecticut.html
H. Upmann,Herman's Batch,,cigarplace,https://www.cigarplace.biz/all-brands/h-upmann-1/h-upmann-herman-s-batch.html
H. Upmann,Hispaniola by Jose Mendez,,cigarplace,https://www.cigarplace.biz/all-brands/h-upmann-1/h-upmann-hispaniola-by-jose-mendez.html
H. Upmann,Legacy,,cigarplace,https://www.cigarplace.biz/all-brands/h-upmann-1/h-upmann-legacy.html
H. Upmann,Nicaragua AJ Fernandez Heritage,,cigarplace,https://www.cigarplace.biz/all-brands/h-upmann-1/h-upmann-nicaragua-aj-fernandez-heritage.html
H. Upmann,Nicaragua by AJ Fernandez Sunrise,,cigarpage+cigarplace,https://www.cigarplace.biz/all-brands/h-upmann-1/h-upmann-nicaragua-by-aj-fernandez-sunrise.html
H. Upmann,Nicaragua Heritage by AJ Fernandez,,cigarpage,https://www.cigarpage.com/h-upmann-nicaragua-heritage-by-aj-fernandez.html
H. Upmann,Special Edition Barbier,,cigarpage,https://www.cigarpage.com/h-upmann-special-seleccion.html
H. Upmann,The Banker,,cigarpage+cigarplace,https://www.cigarplace.biz/all-brands/h-upmann-1/h-upmann-the-banker.html
H. Upmann,The Banker Daytrader,,cigarpage+cigarplace,https://www.cigarplace.biz/all-brands/h-upmann-1/h-upmann-the-banker-daytrader.html
H. Upmann,Vintage Cameroon,,cigarplace,https://www.cigarplace.biz/all-brands/h-upmann-1/h-upmann-vintage-cameroon.html
HC Series Black Maduro,(브랜드 단일),unknown,cigarplace,https://www.cigarplace.biz/all-brands/hc-series-black-maduro.html
Headley Grange,(브랜드 단일),,cigarplace,https://www.cigarplace.biz/all-brands/headley-grange.html
Hellas,Greek Freak,unknown,cigarpage,https://www.cigarpage.com/hellas-greek-freak.html
Henry Clay,Stalk Cut,,cigarplace,https://www.cigarplace.biz/all-brands/henry-clay/henry-clay-stalk-cut.html
Henry Clay,War Hawk,,cigarpage+cigarplace,https://www.cigarplace.biz/all-brands/henry-clay/henry-clay-war-hawk.html
Henry Clay,War Hawk Rebellious,,cigarpage,https://www.cigarpage.com/henry-clay-war-hawk-rebellious.html
Herederos,Connecticut,,cigarpage,https://www.cigarpage.com/herederos-connecticut.html
Herederos,Habano,,cigarpage,https://www.cigarpage.com/herederos-habano.html
Herrera Esteli,Brazilian Maduro,,cigarplace,https://www.cigarplace.biz/all-brands/herrera-esteli-cigars/herrera-esteli-brazilian-maduro.html
Herrera Esteli,Habano,,cigarplace,https://www.cigarplace.biz/all-brands/herrera-esteli-cigars/herrera-esteli-habano-1.html
Herrera Esteli,Miami,,cigarplace,https://www.cigarplace.biz/all-brands/herrera-esteli-cigars/herrera-esteli-miami.html
Herrera Esteli,Norteno,,cigarplace,https://www.cigarplace.biz/all-brands/herrera-esteli-cigars/herrera-esteli-norteno.html
Hombre de Oro,20th Anniversary,,cigarpage,https://www.cigarpage.com/hombre-de-oro-20th-anniversary.html
Hoofty,Hog,unknown,cigarpage,https://www.cigarpage.com/hoofty-hog.html
Hooten Young,2020 Selection,,cigarpage,https://www.cigarpage.com/hooten-young-2020-selection.html
Hooten Young,Operation Gothic Serpent,,cigarpage,https://www.cigarpage.com/hooten-young-operation-gothic-serpent.html
Hoyo de Monterrey,Excalibur,,cigarpage,https://www.cigarpage.com/hoyo-de-monterrey-excalibur.html
Hoyo de Monterrey,Excalibur Dark Knight,,cigarpage,https://www.cigarpage.com/hoyo-de-monterrey-excalibur-dark-knight.html
Hoyo de Monterrey,Excalibur Illusione,,cigarpage,https://www.cigarpage.com/excalibur-illusione.html
Hoyo de Monterrey,Excalibur Maduro,,cigarpage,https://www.cigarpage.com/hoyo-de-monterrey-excalibur-maduro.html
Hoyo de Monterrey,Executive Maduro,,cigarpage,https://www.cigarpage.com/hoyo-de-monterrey-executive-maduro.html
Hoyo de Monterrey,Executive Natural EMS,,cigarpage,https://www.cigarpage.com/hoyo-de-monterrey-executive-natural-ems.html
Hoyo de Monterrey,Hoyo La Amistad Silver,,cigarplace,https://www.cigarplace.biz/all-brands/hoyo-de-monterrey-cigars/hoyo-la-amistad-silver.html
Hoyo de Monterrey,La Amistad Black,,cigarpage,https://www.cigarpage.com/hoyo-la-amistad-black-by-aj-fernandez.html
Hoyo de Monterrey,La Amistad Gold,,cigarpage,https://www.cigarpage.com/hoyo-la-amistad-by-aj-fernandez.html
Hoyo de Tradicion,(브랜드 단일),,cigarplace,https://www.cigarplace.biz/all-brands/hoyo-de-tradicion.html
HVC,10th Anniversary,,cigarpage,https://www.cigarpage.com/hvc-10th-anniversary.html
HVC,Cerro Maduro,,cigarpage,https://www.cigarpage.com/hvc-cerro-maduro.html
HVC,Cerro Natural,,cigarpage,https://www.cigarpage.com/hvc-cerro-natural.html
HVC,Hot Cake Connecticut,,cigarpage,https://www.cigarpage.com/hvc-hot-cake-connecticut.html
HVC,Hot Cake Maduro,,cigarpage,https://www.cigarpage.com/hvc-hot-cake-maduro.html
HVC,La Decoracion,,cigarpage,https://www.cigarpage.com/hvc-la-decoracion.html
HVC,Pan Caliente,,cigarpage,https://www.cigarpage.com/hvc-pan-caliente.html
HVC,Pan Caliente Connecticut,,cigarpage,https://www.cigarpage.com/hvc-pan-caliente-connecticut-churchill.html
HVC,Seleccion No.1,,cigarpage,https://www.cigarpage.com/hvc-seleccion-no-1.html
HVC,Seleccion No.1 Maduro,,cigarpage,https://www.cigarpage.com/hvc-seleccion-no-1-maduro.html
HVC,Serie A,,cigarpage,https://www.cigarpage.com/hvc-serie-a.html
HVC,Vieja Cosecha #2,,cigarpage,https://www.cigarpage.com/hvc-vieja-cosecha-2.html
Illusione,Allegria,,cigarpage,https://www.cigarpage.com/illusione-allegria.html
Illusione,Candela,,cigarplace,https://www.cigarplace.biz/all-brands/illusione-cigars/illusione-candela.html
Illusione,Cigares Prive Corojo,,cigarpage,https://www.cigarpage.com/illusione-cigars-prive-corojo.html
Illusione,Cigares Prive SA Maduro,,cigarpage,https://www.cigarpage.com/illusione-cigars-prive-sa-maduro.html
Illusione,Classic Cruzado,,cigarpage,https://www.cigarpage.com/illusione-classic-cruzado.html
Illusione,Connecticut,,cigarplace,https://www.cigarplace.biz/all-brands/illusione-cigars/illusione-connecticut.html
Illusione,Epernay,,cigarpage+cigarplace,https://www.cigarplace.biz/all-brands/illusione-cigars/illusione-epernay.html
Illusione,Epernay Tuonela,,cigarpage,https://www.cigarpage.com/illusione-epernay-tuonela.html
Illusione,Fume D'Amour,,cigarpage+cigarplace,https://www.cigarplace.biz/all-brands/illusione-cigars/illusione-fume-d-amour.html
Illusione,Garagiste,,cigarpage,https://www.cigarpage.com/illusione-garagiste.html
Illusione,Gigantes Connecticut,,cigarpage,https://www.cigarpage.com/illusione-gigantes-connecticut.html
Illusione,Haut 10,,cigarpage,https://www.cigarpage.com/illusione-haut-10.html
Illusione,Maduro,,cigarplace,https://www.cigarplace.biz/all-brands/illusione-cigars/illusione-maduro.html
Illusione,OneOff,,cigarpage,https://www.cigarpage.com/illusione-oneoff.html
Illusione,OneOff Black and Tan,,cigarplace,https://www.cigarplace.biz/all-brands/illusione-cigars/illusione-oneoff-black-and-tan.html
Illusione,OneOff+53,,cigarpage,https://www.cigarpage.com/illusione-oneoff-53.html
Illusione,Original Documents Corojo,,cigarpage,https://www.cigarpage.com/illusione-original-documents-corojo.html
Illusione,Original Documents Habano,,cigarpage,https://www.cigarpage.com/illusione-original-documents-habano.html
Illusione,Original Documents Maduro,,cigarpage,https://www.cigarpage.com/illusione-original-documents-maduro.html
Illusione,Original Documents Ultra,,cigarpage,https://www.cigarpage.com/ks-ild-u.html
Illusione,Rothchilde,,cigarplace,https://www.cigarplace.biz/all-brands/illusione-cigars/illusione-rothchilde.html
Illusione,Rothchildes Connecticut,,cigarpage,https://www.cigarpage.com/illusione-rothchildes-conecticut.html
Illusione,Singulare,,cigarpage+cigarplace,https://www.cigarplace.biz/all-brands/illusione-cigars/illusione-singulare.html
Illusione,Slam,,cigarplace,https://www.cigarplace.biz/all-brands/illusione-cigars/illusione-slam.html
Illusione,Ultra,,cigarplace,https://www.cigarplace.biz/all-brands/illusione-cigars/illusione-ultra.html
Isla del Sol,(브랜드 단일),infused,cigarplace,https://www.cigarplace.biz/all-brands/isla-del-sol.html
Isla del Sol Maduro,(브랜드 단일),infused,cigarplace,https://www.cigarplace.biz/all-brands/isla-del-sol-maduro.html
Island Jim by Oscar,(브랜드 단일),,cigarplace,https://www.cigarplace.biz/all-brands/island-jim-by-oscar.html
J. Fuego,Gran Reserva Corojo #1,,cigarplace,https://www.cigarplace.biz/all-brands/j-fuego-cigars/j-fuego-gran-reserva-corojo-1.html
J. Fuego,Origen,,cigarplace,https://www.cigarplace.biz/all-brands/j-fuego-cigars/j-fuego-origen.html
J. Fuego,Origen Maduro,,cigarplace,https://www.cigarplace.biz/all-brands/j-fuego-cigars/j-fuego-origen-maduro.html
J. Fuego,Sangre de Toro,,cigarplace,https://www.cigarplace.biz/all-brands/j-fuego-cigars/j-fuego-sangre-de-toro.html
J.D. Howard Reserve,(브랜드 단일),,cigarplace,https://www.cigarplace.biz/all-brands/j-d-howard-reserve.html
JAD,Maduro,unknown,cigarpage,https://www.cigarpage.com/jad-maduro.html
Jaime Garcia,Reserva Especial,,cigarpage+cigarplace,https://www.cigarplace.biz/all-brands/jaime-garcia-cigars/jaime-garcia-reserva-especial.html
Jaime Garcia,Reserva Especial Connecticut,,cigarpage+cigarplace,https://www.cigarplace.biz/all-brands/jaime-garcia-cigars/jaime-garcia-reserva-especial-connecticut.html
Jaime Garcia,Reserva Especial Limited Edition,,cigarplace,https://www.cigarplace.biz/all-brands/jaime-garcia-cigars/jaime-garcia-reserva-especial-limited-edition.html
Jas Sum Kral,Crna Nok,,cigarpage,https://www.cigarpage.com/jas-sum-kral-crna-nok.html
Jas Sum Kral,Kralot,,cigarpage,https://www.cigarpage.com/jas-sum-kral-kralot.html
Jas Sum Kral,Red Knight,,cigarpage,https://www.cigarpage.com/jas-sum-kral-red-knight.html
Jas Sum Kral,Toothpick 2.0 Connecticut,,cigarpage,https://www.cigarpage.com/jas-sum-kral-toothpick-2-0-connecticut.html
Jas Sum Kral,Toothpick 2.0 Maduro,,cigarpage,https://www.cigarpage.com/jas-sum-kral-toothpick-2-0-maduro.html
Jas Sum Kral,Tyrannical Buc Connecticut,,cigarpage,https://www.cigarpage.com/jas-sum-kral-tyrannical-buc-connecticut-ks-jsb-c.html
Jas Sum Kral,Zlatno Sonce,,cigarpage,https://www.cigarpage.com/jas-sum-kral-zlatno-sonce.html
Java,Latte,infused,cigarpage,https://www.cigarpage.com/java-latte.html
Java,Maduro,infused,cigarpage,https://www.cigarpage.com/java-maduro.html
Java,Mint,infused,cigarpage,https://www.cigarpage.com/java-mint.html
Java,Red,infused,cigarpage,https://www.cigarpage.com/java-red.html
Jawn,Dark Roasted,unknown,cigarpage,https://www.cigarpage.com/jawn-dark-roasted.html
Jawn,Leprejawn,unknown,cigarpage,https://www.cigarpage.com/leprejawn.html
Jawn,Salomon,unknown,cigarpage,https://www.cigarpage.com/jawn-salomon.html
JFR,20th Anniversary Maduro,,cigarpage,https://www.cigarpage.com/jfr-20th-anniversary-maduro.html
JFR,Lunatic Maduro,,cigarpage,https://www.cigarpage.com/jfr-lunatic-maduro.html
John Sr.,(브랜드 단일),unknown,cigarpage,https://www.cigarpage.com/john-sr.html
Joya de Nicaragua,Antano 1970,,cigarpage+cigarplace,https://www.cigarplace.biz/all-brands/joya-de-nicaragua-cigars/joya-de-nicaragua-antano-1970.html
Joya de Nicaragua,Antano Connecticut,,cigarpage+cigarplace,https://www.cigarplace.biz/all-brands/joya-de-nicaragua-cigars/joya-de-nicaragua-antano-connecticut.html
Joya de Nicaragua,Antano Dark Corojo,,cigarpage+cigarplace,https://www.cigarplace.biz/all-brands/joya-de-nicaragua-cigars/joya-de-nicaragua-antano-dark-corojo.html
Joya de Nicaragua,Antano Gran Reserva,,cigarpage+cigarplace,https://www.cigarplace.biz/all-brands/joya-de-nicaragua-cigars/joya-de-nicaragua-antano-gran-reserva.html
Joya de Nicaragua,Antano Gran Reserva GT20,,cigarpage,https://www.cigarpage.com/joya-de-nicaragua-antano-gran-reserva-gt20.html
Joya de Nicaragua,Black Swan,,cigarpage,https://www.cigarpage.com/joya-de-nicaragua-black-swan.html
Joya de Nicaragua,Cinco de Cinco,,cigarpage+cigarplace,https://www.cigarplace.biz/all-brands/joya-de-nicaragua-cigars/joya-de-nicaragua-cinco-de-cinco.html
Joya de Nicaragua,Cinco Decadas,,cigarpage+cigarplace,https://www.cigarplace.biz/all-brands/joya-de-nicaragua-cigars/joya-de-nicaragua-cinco-decadas.html
Joya de Nicaragua,Clasico,,cigarpage,https://www.cigarpage.com/joya-de-nicaragua-clasico.html
Joya de Nicaragua,Clasico Claro Original,,cigarplace,https://www.cigarplace.biz/all-brands/joya-de-nicaragua-cigars/joya-de-nicaragua-clasico-claro-original.html
Joya de Nicaragua,Clasico Green Room,,cigarpage,https://www.cigarpage.com/joya-de-nicaragua-clasico-green-room.html
Joya de Nicaragua,Clasico Medio Siglo,,cigarpage,https://www.cigarpage.com/joya-de-nicaragua-clasico-medio-siglo.html
Joya de Nicaragua,Cuatro Cinco,,cigarpage,https://www.cigarpage.com/joya-de-nicaragua-cuatro-cinco.html
Joya de Nicaragua,Cuatro Cinco Reserva Especial,,cigarplace,https://www.cigarplace.biz/all-brands/joya-de-nicaragua-cigars/joya-de-nicaragua-cuatro-cinco-reserva-especial.html
Joya de Nicaragua,Joya Black,,cigarpage+cigarplace,https://www.cigarplace.biz/all-brands/joya-de-nicaragua-cigars/joya-de-nicaragua-black.html
Joya de Nicaragua,Joya Cabinetta,,cigarpage+cigarplace,https://www.cigarplace.biz/all-brands/joya-de-nicaragua-cigars/joya-cabinetta.html
Joya de Nicaragua,Joya Red,,cigarpage+cigarplace,https://www.cigarplace.biz/all-brands/joya-de-nicaragua-cigars/joya-de-nicaragua-joya-red.html
Joya de Nicaragua,Joya Silver,,cigarpage+cigarplace,https://www.cigarplace.biz/all-brands/joya-de-nicaragua-cigars/joya-de-nicaragua-joya-silver.html
Joya de Nicaragua,Numero Uno,,cigarpage+cigarplace,https://www.cigarplace.biz/all-brands/joya-de-nicaragua-cigars/joya-de-nicaragua-numero-uno.html
Joya de Nicaragua,"Red, White, and Blue",,cigarpage,https://www.cigarpage.com/joya-red-white-and-blue.html
Joya de Nicaragua,Rosalones Connecticut,,cigarpage,https://www.cigarpage.com/joya-de-nicaragua-rosalones-ct.html
Joya de Nicaragua,Rosalones Reserva,,cigarpage,https://www.cigarpage.com/joya-de-nicaragua-rosalones-reserva.html
Juan Lopez,(브랜드 단일),,cigarplace,https://www.cigarplace.biz/all-brands/juan-lopez.html
Kentucky Fire Cured,(브랜드 단일),,cigarplace,https://www.cigarplace.biz/all-brands/kentucky-fire-cured.html
Kentucky Fire Cured Swamp Thang,(브랜드 단일),,cigarplace,https://www.cigarplace.biz/all-brands/kentucky-fire-cured-swamp-thang.html
Kentucky Fire Cured Sweets,(브랜드 단일),infused,cigarplace,https://www.cigarplace.biz/all-brands/kentucky-fire-cured-sweets.html
Kristoff,685 Woodlawn,,cigarpage+cigarplace,https://www.cigarplace.biz/all-brands/kristoff-cigars/kristoff-685-woodlawn.html
Kristoff,Cameroon,,cigarpage+cigarplace,https://www.cigarplace.biz/all-brands/kristoff-cigars/kristoff-cameroon.html
Kristoff,Classic Reserva,,cigarplace,https://www.cigarplace.biz/all-brands/kristoff-cigars/kristoff-classic-reserva.html
Kristoff,Connecticut,,cigarpage+cigarplace,https://www.cigarplace.biz/all-brands/kristoff-cigars/kristoff-connecticut.html
Kristoff,Corojo Limitada,,cigarpage+cigarplace,https://www.cigarplace.biz/all-brands/kristoff-cigars/kristoff-corojo-limitada.html
Kristoff,Criollo,,cigarplace,https://www.cigarplace.biz/all-brands/kristoff-cigars/kristoff-criollo.html
Kristoff,Cuban Selection,,cigarpage+cigarplace,https://www.cigarplace.biz/all-brands/kristoff-cigars/kristoff-cuban-selection.html
Kristoff,GC Signature Series,,cigarpage+cigarplace,https://www.cigarplace.biz/all-brands/kristoff-cigars/kristoff-gc-signature-series.html
Kristoff,Guardrail,,cigarpage+cigarplace,https://www.cigarplace.biz/all-brands/kristoff-cigars/kristoff-guardrail.html
Kristoff,Habano,,cigarpage+cigarplace,https://www.cigarplace.biz/all-brands/kristoff-cigars/kristoff-habano.html
Kristoff,JT Signature Series,,cigarpage+cigarplace,https://www.cigarplace.biz/all-brands/kristoff-cigars/kristoff-jt-signature-series.html
Kristoff,Kristania,,cigarpage+cigarplace,https://www.cigarplace.biz/all-brands/kristoff-cigars/kristoff-kristania.html
Kristoff,Kristania Maduro,,cigarpage+cigarplace,https://www.cigarplace.biz/all-brands/kristoff-cigars/kristoff-kristania-maduro.html
Kristoff,Ligero Criollo,,cigarpage+cigarplace,https://www.cigarplace.biz/all-brands/kristoff-cigars/kristoff-ligero-criollo.html
Kristoff,Ligero Maduro,,cigarpage+cigarplace,https://www.cigarplace.biz/all-brands/kristoff-cigars/kristoff-ligero-maduro.html
Kristoff,Maduro,,cigarplace,https://www.cigarplace.biz/all-brands/kristoff-cigars/kristoff-maduro.html
Kristoff,Nicaragua,,cigarpage,https://www.cigarpage.com/cigars/kristoff-nicaragua.html
Kristoff,Original Criollo,,cigarpage,https://www.cigarpage.com/cigars/kristoff-original-criollo.html
Kristoff,Original Maduro,,cigarpage,https://www.cigarpage.com/cigars/kristoff-original-maduro.html
Kristoff,Pistoff,,cigarpage+cigarplace,https://www.cigarplace.biz/all-brands/kristoff-cigars/kristoff-pistoff.html
Kristoff,Premium Selection,,cigarplace,https://www.cigarplace.biz/all-brands/kristoff-cigars/kristoff-premium-selection.html
Kristoff,Premium Selection Maduro,,cigarpage,https://www.cigarpage.com/cigars/kristoff-premium-selection-maduro.html
Kristoff,Premium Selection Natural,,cigarpage,https://www.cigarpage.com/cigars/kristoff-premium-selection-natural.html
Kristoff,San Andres,,cigarpage+cigarplace,https://www.cigarplace.biz/all-brands/kristoff-cigars/kristoff-san-andres.html
Kristoff,Shade Grown,,cigarpage+cigarplace,https://www.cigarplace.biz/all-brands/kristoff-cigars/kristoff-shade-grown.html
Kristoff,Signature Series PCA,,cigarpage,https://www.cigarpage.com/cigars/kristoff-2022-pca-exclusive.html
Kristoff,Sumatra,,cigarpage+cigarplace,https://www.cigarplace.biz/all-brands/kristoff-cigars/kristoff-sumatra.html
Kristoff,Tres Compadres,,cigarpage,https://www.cigarpage.com/cigars/kristoff-tres-compadre.html
Kristoff,Veinte 20th Anniversary,,cigarpage,https://www.cigarpage.com/cigars/kristoff-veinte-20th-anniversary.html
Kristoff,Vengeance,,cigarpage+cigarplace,https://www.cigarplace.biz/all-brands/kristoff-cigars/kristoff-vengeance.html
L'Atelier,El Suelo,,cigarplace,https://www.cigarplace.biz/all-brands/l-atelier-cigars/l-atelier-el-suelo.html
L'Atelier,Extension de la Racine,,cigarplace,https://www.cigarplace.biz/all-brands/l-atelier-cigars/l-atelier-extension-de-la-racine.html
L'Atelier,Identite,,cigarplace,https://www.cigarplace.biz/all-brands/l-atelier-cigars/l-atelier-identite.html
L'Atelier,La Mission,,cigarpage,https://www.cigarpage.com/cigars/la-mission-du-l-atelier-2009.html
L'Atelier,La Mission du L'Atelier,,cigarplace,https://www.cigarplace.biz/all-brands/l-atelier-cigars/la-mission-du-l-atelier.html
L'Atelier,Limited Edition,,cigarplace,https://www.cigarplace.biz/all-brands/l-atelier-cigars/l-atelier-limited-edition.html
L'Atelier,Maduro,,cigarplace,https://www.cigarplace.biz/all-brands/l-atelier-cigars/l-atelier-maduro.html
L'Atelier,Selection Speciale,,cigarplace,https://www.cigarplace.biz/all-brands/l-atelier-cigars/l-atelier-selection-speciale.html
L'Atelier,Surrogates,,cigarplace,https://www.cigarplace.biz/all-brands/l-atelier-cigars/l-atelier-surrogates.html
L'Atelier,Trocadero,,cigarplace,https://www.cigarplace.biz/all-brands/l-atelier-cigars/l-atelier-trocadero.html
La Aroma de Cuba,Connecticut,,cigarpage+cigarplace,https://www.cigarplace.biz/all-brands/la-aroma-de-cuba-cigars/la-aroma-de-cuba-connecticut.html
La Aroma de Cuba,Edicion Especial,,cigarpage+cigarplace,https://www.cigarplace.biz/all-brands/la-aroma-de-cuba-cigars/la-aroma-de-cuba-edicion-especial.html
La Aroma de Cuba,Mi Amor,,cigarpage+cigarplace,https://www.cigarplace.biz/all-brands/la-aroma-de-cuba-cigars/la-aroma-de-cuba-mi-amor.html
La Aroma de Cuba,Mi Amor Reserva,,cigarplace,https://www.cigarplace.biz/all-brands/la-aroma-de-cuba-cigars/la-aroma-de-cuba-mi-amor-reserva.html
La Aroma de Cuba,Noblesse,,cigarplace,https://www.cigarplace.biz/all-brands/la-aroma-de-cuba-cigars/la-aroma-de-cuba-noblesse.html
La Aroma de Cuba,Pasion,,cigarpage+cigarplace,https://www.cigarplace.biz/all-brands/la-aroma-de-cuba-cigars/la-aroma-de-cuba-pasion.html
La Aroma de Cuba,Reserva,,cigarpage,https://www.cigarpage.com/cigars/la-aroma-de-cuba-mi-amor-reserva.html
La Aurora,100 Anos Connecticut Broadleaf,,cigarpage,https://www.cigarpage.com/cigars/la-aurora-100-anos-connecticut-broadleaf.html
La Aurora,100 Anos Corojo,,cigarpage,https://www.cigarpage.com/cigars/la-aurora-100-anos.html
La Aurora,107 Ecuador,,cigarpage,https://www.cigarpage.com/cigars/la-aurora-107-ecuador.html
La Aurora,107 Nicaragua,,cigarpage,https://www.cigarpage.com/cigars/la-aurora-107-nicaragua.html
La Aurora,107 USA,,cigarpage,https://www.cigarpage.com/cigars/la-aurora-107-usa.html
La Aurora,115 Aniversario,,cigarpage,https://www.cigarpage.com/cigars/la-aurora-115-aniversario.html
La Aurora,120th Anniversary,,cigarpage,https://www.cigarpage.com/cigars/la-aurora-120th-anniversary.html
La Aurora,ADN Dominicano DNA,,cigarpage,https://www.cigarpage.com/cigars/la-aurora-adn-dominicano-dna.html
La Aurora,Barrel Aged by Karl Malone,,cigarpage,https://www.cigarpage.com/cigars/la-aurora-barrel-aged-by-karl-malone.html
La Aurora,Cameroon 1903,,cigarpage,https://www.cigarpage.com/cigars/la-aurora-1903-edition-cameroon.html
La Aurora,Cazadores Claro,,cigarpage,https://www.cigarpage.com/cigars/la-aurora-cazadores-claro.html
La Aurora,Cazadores Maduro,,cigarpage,https://www.cigarpage.com/cigars/la-aurora-cazadores-maduro.html
La Aurora,Cazadores Nicaragua,,cigarpage,https://www.cigarpage.com/cigars/la-aurora-cazadores-nicaragua.html
La Aurora,Connecticut 1987,,cigarpage,https://www.cigarpage.com/cigars/la-aurora-connecticut-1987.html
La Aurora,Corojo 1962,,cigarpage,https://www.cigarpage.com/cigars/la-aurora-corojo-1962.html
La Aurora,Embassador Brazil Maduro,,cigarpage,https://www.cigarpage.com/cigars/la-aurora-embassador-brazil-maduro.html
La Aurora,Family Creed Fuerte Sol,,cigarpage,https://www.cigarpage.com/cigars/la-aurora-family-creed-fuerte-sol.html
La Aurora,Family Creed Perseverancia,,cigarpage,https://www.cigarpage.com/cigars/la-aurora-family-creed-perseverancia.html
La Aurora,Maduro 1985,,cigarpage,https://www.cigarpage.com/cigars/la-aurora-maduro-1985.html
La Aurora,Preferidos 1903,,cigarpage,https://www.cigarpage.com/cigars/la-aurora-preferido.html
La Aurora,Preferidos 1903 Tubos,,cigarpage,https://www.cigarpage.com/cigars/la-aurora-preferido-192029.html
La Aurora,Santiago Maduro,,cigarpage,https://www.cigarpage.com/cigars/la-aurora-santiago-maduro.html
La Boheme,Momentos Connecticut,,cigarpage,https://www.cigarpage.com/cigars/la-boheme-momentos-connecticut.html
La Duena,(브랜드 단일),,cigarplace,https://www.cigarplace.biz/all-brands/la-duena.html
La Flor Dominicana,1994,,cigarplace,https://www.cigarplace.biz/all-brands/la-flor-dominicana-cigars/la-flor-dominicana-1994.html
La Flor Dominicana,25th Anniversary,,cigarpage,https://www.cigarpage.com/cigars/la-flor-dominicana-25th-anniversary.html
La Flor Dominicana,Air Bender,,cigarpage+cigarplace,https://www.cigarplace.biz/all-brands/la-flor-dominicana-cigars/la-flor-dominicana-air-bender.html
La Flor Dominicana,Air Bender Maduro,,cigarpage+cigarplace,https://www.cigarplace.biz/all-brands/la-flor-dominicana-cigars/la-flor-dominicana-air-bender-maduro.html
La Flor Dominicana,Andalusian Bull,,cigarplace,https://www.cigarplace.biz/all-brands/la-flor-dominicana-cigars/la-flor-dominicana-andalusian-bull.html
La Flor Dominicana,Cameroon Cabinet,,cigarpage+cigarplace,https://www.cigarplace.biz/all-brands/la-flor-dominicana-cigars/la-flor-dominicana-cameroon-cabinet.html
La Flor Dominicana,Capitulo,,cigarpage,https://www.cigarpage.com/cigars/la-flor-dominicana-capitulo.html
La Flor Dominicana,Colorado Oscuro,,cigarpage+cigarplace,https://www.cigarplace.biz/all-brands/la-flor-dominicana-cigars/la-flor-dominicana-colorado-oscuro.html
La Flor Dominicana,Coronado,,cigarpage+cigarplace,https://www.cigarplace.biz/all-brands/la-flor-dominicana-cigars/la-flor-dominicana-coronado.html
La Flor Dominicana,Double Claro,,cigarpage,https://www.cigarpage.com/cigars/la-flor-dominicana-double-claro.html
La Flor Dominicana,Double Ligero,,cigarplace,https://www.cigarplace.biz/all-brands/la-flor-dominicana-cigars/la-flor-dominicana-double-ligero.html
La Flor Dominicana,Double Ligero Maduro,,cigarpage+cigarplace,https://www.cigarplace.biz/all-brands/la-flor-dominicana-cigars/la-flor-dominicana-double-ligero-maduro.html
La Flor Dominicana,Double Ligero Natural,,cigarpage,https://www.cigarpage.com/cigars/la-flor-dominicana-double-ligero.html
La Flor Dominicana,El Carajon,,cigarpage,https://www.cigarpage.com/cigars/la-flor-dominicana-el-carajon.html
La Flor Dominicana,Ligero,,cigarpage+cigarplace,https://www.cigarplace.biz/all-brands/la-flor-dominicana-cigars/la-flor-dominicana-ligero.html
La Flor Dominicana,Ligero Cabinet Oscuro,,cigarpage,https://www.cigarpage.com/cigars/la-flor-dominicana-ligero-cabinet-oscuro.html
La Flor Dominicana,Ligero Oscuro Cabinet,,cigarplace,https://www.cigarplace.biz/all-brands/la-flor-dominicana-cigars/la-flor-dominicana-ligero-oscuro-cabinet.html
La Flor Dominicana,Limited Edition,,cigarplace,https://www.cigarplace.biz/all-brands/la-flor-dominicana-cigars/la-flor-dominicana-limited-edition.html
La Flor Dominicana,Limited Edition Cabinet Maduro,,cigarpage,https://www.cigarpage.com/cigars/la-flor-dominicana-limited-edition-cabinet-maduro.html
La Flor Dominicana,Limited Edition Chapter One Box-Pressed Chisel,,cigarpage,https://www.cigarpage.com/cigars/la-flor-dominicana-limited-edition-chapter-one-box-pressed-chisel.html
La Flor Dominicana,Limited Edition Colorado Oscuro,,cigarpage,https://www.cigarpage.com/cigars/la-flor-dominicana-limited-edition-ligero-salomon-especial.html
La Flor Dominicana,Little Cigars,cigarillo,cigarplace,https://www.cigarplace.biz/all-brands/la-flor-dominicana-cigars/la-flor-dominicana-little-cigars.html
La Flor Dominicana,Litto Gomez Diez,,cigarplace,https://www.cigarplace.biz/all-brands/la-flor-dominicana-cigars/la-flor-dominicana-litto-gomez-diez.html
La Flor Dominicana,Oro,,cigarplace,https://www.cigarplace.biz/all-brands/la-flor-dominicana-cigars/la-flor-dominicana-oro.html
La Flor Dominicana,Oro Maduro,,cigarpage,https://www.cigarpage.com/cigars/la-flor-dominicana-oro-maduro.html
La Flor Dominicana,Oro Natural,,cigarpage,https://www.cigarpage.com/cigars/la-flor-dominicana-oro.html
La Flor Dominicana,Reserva Especial,,cigarplace,https://www.cigarplace.biz/all-brands/la-flor-dominicana-cigars/la-flor-dominicana-reserva-especial.html
La Flor Dominicana,Reserve Especial,,cigarpage,https://www.cigarpage.com/cigars/la-flor-dominicana-reserve-especial.html
La Flor Dominicana,Suave,,cigarpage+cigarplace,https://www.cigarplace.biz/all-brands/la-flor-dominicana-cigars/la-flor-dominicana-suave.html
La Flor Dominicana,Suave Maduro,,cigarpage,https://www.cigarpage.com/cigars/la-flor-dominicana-suave-maduro.html
La Flor Dominicana,Suave Old Packaging,,cigarpage,https://www.cigarpage.com/cigars/la-flor-dominicana-suave.html
La Flor Dominicana,Tins,cigarillo,cigarpage,https://www.cigarpage.com/cigars/la-flor-dominicana-tins.html
La Galera,(브랜드 단일),,cigarplace,https://www.cigarplace.biz/all-brands/la-galera.html
La Gloria Cubana,Classic,,cigarplace,https://www.cigarplace.biz/all-brands/la-gloria-cubana-cigars/la-gloria-cubana-classic.html
La Gloria Cubana,Classic Maduro,,cigarplace,https://www.cigarplace.biz/all-brands/la-gloria-cubana-cigars/la-gloria-cubana-classic-maduro.html
La Gloria Cubana,Coleccion Reserva,,cigarplace,https://www.cigarplace.biz/all-brands/la-gloria-cubana-cigars/la-gloria-cubana-coleccion-reserva.html
La Gloria Cubana,Esteli,,cigarpage+cigarplace,https://www.cigarplace.biz/all-brands/la-gloria-cubana-cigars/la-gloria-cubana-esteli.html
La Gloria Cubana,Intencion,,cigarpage,https://www.cigarpage.com/cigars/la-gloria-cubana-intencion.html
La Gloria Cubana,Los Gloriosos,,cigarpage,https://www.cigarpage.com/cigars/la-gloria-cubana-los-gloriosos.html
La Gloria Cubana,Maduro,,cigarpage,https://www.cigarpage.com/cigars/la-gloria-cubana-maduro.html
La Gloria Cubana,Medio Tiempo,,cigarplace,https://www.cigarplace.biz/all-brands/la-gloria-cubana-cigars/la-gloria-cubana-medio-tiempo.html
La Gloria Cubana,Natural,,cigarpage,https://www.cigarpage.com/cigars/la-gloria-cubana.html
La Gloria Cubana,Serie R Black,,cigarpage+cigarplace,https://www.cigarplace.biz/all-brands/la-gloria-cubana-cigars/la-gloria-cubana-serie-r-black.html
La Gloria Cubana,Serie R Black Maduro,,cigarpage+cigarplace,https://www.cigarplace.biz/all-brands/la-gloria-cubana-cigars/la-gloria-cubana-serie-r-black-maduro.html
La Gloria Cubana,Serie R Esteli,,cigarpage+cigarplace,https://www.cigarplace.biz/all-brands/la-gloria-cubana-cigars/la-gloria-cubana-serie-r-esteli.html
La Gloria Cubana,Serie R Esteli Maduro,,cigarpage+cigarplace,https://www.cigarplace.biz/all-brands/la-gloria-cubana-cigars/la-gloria-cubana-serie-r-esteli-maduro.html
La Gloria Cubana,Serie R Maduro,,cigarpage+cigarplace,https://www.cigarplace.biz/all-brands/la-gloria-cubana-cigars/la-gloria-cubana-serie-r-maduro.html
La Gloria Cubana,Serie R Natural,,cigarpage+cigarplace,https://www.cigarplace.biz/all-brands/la-gloria-cubana-cigars/la-gloria-cubana-serie-r-natural.html
La Gloria Cubana,Serie S,,cigarpage+cigarplace,https://www.cigarplace.biz/all-brands/la-gloria-cubana-cigars/la-gloria-cubana-serie-s.html
La Gloria Cubana,Serie S Maduro,,cigarpage+cigarplace,https://www.cigarplace.biz/all-brands/la-gloria-cubana-cigars/la-gloria-cubana-serie-s-maduro.html
La Gloria Cubana,Spanish Press,,cigarpage+cigarplace,https://www.cigarplace.biz/all-brands/la-gloria-cubana-cigars/la-gloria-cubana-spanish-press.html
La Herencia Cubana,Core,,cigarplace,https://www.cigarplace.biz/all-brands/la-herencia-cubana/la-herencia-cubana-core.html
La Historia by E.P. Carrillo,(브랜드 단일),,cigarplace,https://www.cigarplace.biz/all-brands/la-historia-by-e-p-carrillo.html
La Palina,125th Anniversary,,cigarpage,https://www.cigarpage.com/cigars/la-palina-125th-anniversary.html
La Palina,1896 Gold,,cigarpage,https://www.cigarpage.com/cigars/la-palina-1896.html
La Palina,1948,,cigarpage,https://www.cigarpage.com/cigars/la-palina-1948.html
La Palina,Blue Label,,cigarpage,https://www.cigarpage.com/cigars/la-palina-blue-label.html
La Palina,Bronze Label,,cigarpage,https://www.cigarpage.com/cigars/la-palina-bronze-label.html
La Palina,Classic,,cigarplace,https://www.cigarplace.biz/all-brands/la-palina-cigars/la-palina-classic.html
La Palina,El Ano Oscuro,,cigarpage,https://www.cigarpage.com/cigars/la-palina-el-ano-1896-oscuro-ks-lnw.html
La Palina,El Diario,,cigarplace,https://www.cigarplace.biz/all-brands/la-palina-cigars/la-palina-el-diario.html
La Palina,Family Series,,cigarplace,https://www.cigarplace.biz/all-brands/la-palina-cigars/la-palina-family-series.html
La Palina,Fuego Verde,,cigarpage,https://www.cigarpage.com/cigars/la-palina-fuego-verde.html
La Palina,Goldie,,cigarpage,https://www.cigarpage.com/cigars/la-palina-goldie.html
La Palina,KB,,cigarpage,https://www.cigarpage.com/cigars/la-palina-kb.html
La Palina,No. 1,,cigarpage,https://www.cigarpage.com/cigars/la-palina-no-1.html
La Palina,No. 2,,cigarpage,https://www.cigarpage.com/cigars/la-palina-no-2.html
La Palina,No. 3,,cigarpage,https://www.cigarpage.com/cigars/la-palina-no-3.html
La Palina,No. 4,,cigarpage,https://www.cigarpage.com/cigars/la-palina-no-4.html
La Palina,Red Label,,cigarpage,https://www.cigarpage.com/cigars/la-palina-red-label-ks-lnk.html
La Palina,Silver Label,,cigarpage,https://www.cigarpage.com/cigars/la-palina-silver-label.html
La Perla Habana,Black Pearl Oro,,cigarplace,https://www.cigarplace.biz/all-brands/la-perla-habana-cigars/la-perla-habana-black-pearl-oro.html
La Perla Habana,Black Pearl Rojo,,cigarplace,https://www.cigarplace.biz/all-brands/la-perla-habana-cigars/la-perla-habana-black-pearl-rojo.html
La Perla Habana,Classic,,cigarplace,https://www.cigarplace.biz/all-brands/la-perla-habana-cigars/la-perla-habana-classic.html
La Perla Habana,Morado,,cigarplace,https://www.cigarplace.biz/all-brands/la-perla-habana-cigars/la-perla-habana-morado.html
Laranja Reserva by Espinosa,(브랜드 단일),,cigarplace,https://www.cigarplace.biz/all-brands/laranja-reserva-by-espinosa.html
Laranja Reserva Escuro by Espinosa,(브랜드 단일),,cigarplace,https://www.cigarplace.biz/all-brands/laranja-reserva-escuro-by-espinosa.html
Larutan by Drew Estate,(브랜드 단일),infused,cigarplace,https://www.cigarplace.biz/all-brands/larutan-by-drew-estate.html
Last Call by AJ Fernandez,(브랜드 단일),,cigarplace,https://www.cigarplace.biz/all-brands/last-call-by-aj-fernandez.html
Last of My Kind,Edicion Limitada 8th Cut,,cigarpage,https://www.cigarpage.com/cigars/last-of-my-kind-el-8th-cut-alita.html
Leaf by Oscar,(브랜드 단일),,cigarplace,https://www.cigarplace.biz/all-brands/leaf-by-oscar.html
Leaf by Oscar 10th Anniversary Criollo,(브랜드 단일),,cigarplace,https://www.cigarplace.biz/all-brands/leaf-by-oscar-10th-anniversary-criollo.html
Les Deplorables,Habano,unknown,cigarpage,https://www.cigarpage.com/cigars/les-deplorables-habano.html
Liga Privada,10 Aniversario,,cigarplace,https://www.cigarplace.biz/all-brands/liga-privada-cigars/liga-privada-10-aniversario.html
Liga Privada,Aniversario,,cigarpage,https://www.cigarpage.com/cigars/liga-privada-aniversario.html
Liga Privada,H99,,cigarpage+cigarplace,https://www.cigarplace.biz/all-brands/liga-privada-cigars/liga-privada-h99.html
Liga Privada,Liga Undercrown,,cigarplace,https://www.cigarplace.biz/all-brands/liga-privada-cigars/liga-undercrown.html
Liga Privada,Liga Undercrown Shade,,cigarplace,https://www.cigarplace.biz/all-brands/liga-privada-cigars/liga-undercrown-shade.html
Liga Privada,Liga Undercrown Sun Grown,,cigarplace,https://www.cigarplace.biz/all-brands/liga-privada-cigars/liga-undercrown-sun-grown.html
Liga Privada,No. 9,,cigarpage+cigarplace,https://www.cigarplace.biz/all-brands/liga-privada-cigars/liga-privada-no-9.html
Liga Privada,T52,,cigarpage+cigarplace,https://www.cigarplace.biz/all-brands/liga-privada-cigars/liga-privada-t52.html
Liga Privada,Undercrown 10,,cigarplace,https://www.cigarplace.biz/all-brands/liga-privada-cigars/undercrown-10.html
Liga Privada,Undercrown El Tigre Dominicano,,cigarplace,https://www.cigarplace.biz/all-brands/liga-privada-cigars/undercrown-el-tigre-dominicano.html
Liga Privada,Unico,,cigarpage,https://www.cigarpage.com/cigars/liga-privada-unico-serie.html
Liga Privada,Unico Serie,,cigarplace,https://www.cigarplace.biz/all-brands/liga-privada-cigars/liga-privada-unico-serie.html
Liga Privada,Unico Serie Dirty Rat,,cigarpage,https://www.cigarpage.com/cigars/liga-privada-unico-serie-dirty-rat.html
Liga Privada,Unico Serie Feral Flying Pig,,cigarpage,https://www.cigarpage.com/cigars/liga-privada-unico-serie-feral-flying-pig.html
Liga Privada,Unico Serie L40,,cigarpage,https://www.cigarpage.com/cigars/liga-privada-unico-serie-l40.html
Liga Privada,Unico Serie Ratzilla,,cigarpage,https://www.cigarpage.com/cigars/liga-privada-unico-serie-ratzilla.html
Liga Privada,Unico Serie UF-13,,cigarpage,https://www.cigarpage.com/cigars/liga-privada-unico-serie-uf-13.html
Liga Privada,Unico Serie Velvet Rat,,cigarpage,https://www.cigarpage.com/cigars/liga-privada-unico-serie-velvet-rat.html
Light Me Up,Habano,unknown,cigarpage,https://www.cigarpage.com/cigars/light-me-up-habano.html
Luciano,Fiat Lux,,cigarpage,https://www.cigarpage.com/cigars/fiat-lux-by-luciano.html
Luciano,Underrated,,cigarpage,https://www.cigarpage.com/cigars/luciano-underrated.html
Luciano Foreign Affair,(브랜드 단일),,cigarplace,https://www.cigarplace.biz/all-brands/luciano-foreign-affair.html
Macanudo,1968,,cigarpage+cigarplace,https://www.cigarplace.biz/all-brands/macanudo-cigars/macanudo-1968.html
Macanudo,Bourbon,infused,cigarpage,https://www.cigarpage.com/cigars/m-bourbon-by-macanudo.html
Macanudo,Cafe,,cigarplace,https://www.cigarplace.biz/all-brands/macanudo-cigars/macanudo-cafe.html
Macanudo,Café,,cigarpage,https://www.cigarpage.com/cigars/macanudo-cafe.html
Macanudo,Cru Royale,,cigarpage+cigarplace,https://www.cigarplace.biz/all-brands/macanudo-cigars/macanudo-cru-royale.html
Macanudo,Emissary Espana,,cigarpage,https://www.cigarpage.com/cigars/macanudo-emissary-espana.html
Macanudo,Emissary France,,cigarpage,https://www.cigarpage.com/cigars/macanudo-emissary-france.html
Macanudo,Espresso,infused,cigarpage,https://www.cigarpage.com/cigars/m-by-macanduo-espresso.html
Macanudo,Estate Reserve Flint Knoll,,cigarpage,https://www.cigarpage.com/cigars/macanudo-estate-reserve-flint-knoll.html
Macanudo,Inspirado Black,,cigarpage+cigarplace,https://www.cigarplace.biz/all-brands/macanudo-cigars/macanudo-inspirado-black.html
Macanudo,Inspirado Green,,cigarpage+cigarplace,https://www.cigarplace.biz/all-brands/macanudo-cigars/macanudo-inspirado-green.html
Macanudo,Inspirado Orange,,cigarpage+cigarplace,https://www.cigarplace.biz/all-brands/macanudo-cigars/macanudo-inspirado-orange.html
Macanudo,Inspirado Red,,cigarpage+cigarplace,https://www.cigarplace.biz/all-brands/macanudo-cigars/macanudo-inspirado-red.html
Macanudo,Inspirado White,,cigarpage+cigarplace,https://www.cigarplace.biz/all-brands/macanudo-cigars/macanudo-inspirado-white.html
Macanudo,M,infused,cigarplace,https://www.cigarplace.biz/all-brands/macanudo-cigars/m-by-macanudo.html
Macanudo,M Bourbon,infused,cigarplace,https://www.cigarplace.biz/all-brands/macanudo-cigars/m-bourbon-by-macanudo.html
Macanudo,Maduro,,cigarpage+cigarplace,https://www.cigarplace.biz/all-brands/macanudo-cigars/macanudo-maduro.html
Macanudo,Robust,,cigarplace,https://www.cigarplace.biz/all-brands/macanudo-cigars/macanudo-robust.html
Macanudo,Vintage 1997 Maduro,,cigarplace,https://www.cigarplace.biz/all-brands/macanudo-cigars/macanudo-vintage-1997-maduro.html
Macanudo,Vintage 2006 Natural,,cigarplace,https://www.cigarplace.biz/all-brands/macanudo-cigars/macanudo-vintage-2006-natural.html
Macanudo,Vintage 2010,,cigarplace,https://www.cigarplace.biz/all-brands/macanudo-cigars/macanudo-vintage-2010.html
Macanudo,Vintage Maduro 1997,,cigarpage,https://www.cigarpage.com/cigars/macanudo-vintage-maduro-1997.html
Macanudo,Vintage Maduro 2013,,cigarpage,https://www.cigarpage.com/cigars/macanudo-vintage-maduro-2013.html
Man O' War,Dark Aged Maduro,,cigarplace,https://www.cigarplace.biz/all-brands/man-o-war-cigars/man-o-war-dark-aged-maduro.html
Man O' War,Puro Authentico,,cigarplace,https://www.cigarplace.biz/all-brands/man-o-war-cigars/man-o-war-puro-authentico.html
Man O' War,Ruination,,cigarplace,https://www.cigarplace.biz/all-brands/man-o-war-cigars/man-o-war-ruination.html
Man O' War,Virtue,,cigarplace,https://www.cigarplace.biz/all-brands/man-o-war-cigars/man-o-war-virtue.html
Maria Mancini,(브랜드 단일),,cigarplace,https://www.cigarplace.biz/all-brands/maria-mancini.html
Mas Igneus,(브랜드 단일),unknown,cigarpage,https://www.cigarpage.com/cigars/mas-igneus.html
Matilde Renacer,(브랜드 단일),,cigarplace,https://www.cigarplace.biz/all-brands/matilde-renacer.html
Mayflower,Dawn,,cigarpage,https://www.cigarpage.com/cigars/mayflower-dawn.html
Mayflower,Dawn of America Toro Tubo,,cigarpage,https://www.cigarpage.com/cigars/mayflower-dawn-of-america-toro-tubo.html
Mayflower,Dream,,cigarpage,https://www.cigarpage.com/cigars/mayflower-dream.html
Mayflower,Dusk,,cigarpage,https://www.cigarpage.com/cigars/mayflower-dusk.html
Mayorga,Maduro,unknown,cigarplace,https://www.cigarplace.biz/all-brands/mayorga-cigars/mayorga-maduro.html
MBombay Habano,(브랜드 단일),,cigarplace,https://www.cigarplace.biz/all-brands/mbombay-habano.html
Megilla,Ltd. Edition,,cigarpage,https://www.cigarpage.com/cigars/megilla-ltd-edition.html
Megilla,Miami,,cigarpage,https://www.cigarpage.com/megilla-miami.html
Megilla,MSA,,cigarpage,https://www.cigarpage.com/cigars/megilla-msa.html
Merchants Queen,(브랜드 단일),unknown,cigarpage,https://www.cigarpage.com/cigars/merchants-queen-habano.html
Mi Querida,(브랜드 단일),,cigarplace,https://www.cigarplace.biz/all-brands/mi-querida.html
Montecristo,1935 Anniversary Edicion Diamante,,cigarplace,https://www.cigarplace.biz/all-brands/montecristo-cigars/montecristo-1935-anniversary-edicion-diamante.html
Montecristo,1935 Anniversary Edición Doble Diamante Red,,cigarpage,https://www.cigarpage.com/cigars/montecristo-1935-anniversary-edicion-doble-diamante-red.html
Montecristo,1935 Anniversary Nicaragua,,cigarpage+cigarplace,https://www.cigarplace.biz/all-brands/montecristo-cigars/montecristo-1935-anniversary-nicaragua.html
Montecristo,1935 Edicion Nicaragua Diamante,,cigarpage,https://www.cigarpage.com/cigars/montecristo-1935-anniversary-edicion-nicaragua-diamante.html
Montecristo,90th Anniversary,,cigarplace,https://www.cigarplace.biz/all-brands/montecristo-cigars/montecristo-90th-anniversary.html
Montecristo,Classic,,cigarpage,https://www.cigarpage.com/cigars/montecristo-classic.html
Montecristo,Classic Collection,,cigarplace,https://www.cigarplace.biz/all-brands/montecristo-cigars/montecristo-classic-collection.html
Montecristo,Crafted by AJ Fernandez,,cigarplace,https://www.cigarplace.biz/all-brands/montecristo-cigars/montecristo-crafted-by-aj-fernandez.html
Montecristo,Epic,,cigarplace,https://www.cigarplace.biz/all-brands/montecristo-cigars/montecristo-epic.html
Montecristo,Epic 12 Vintage Blue,,cigarplace,https://www.cigarplace.biz/all-brands/montecristo-cigars/montecristo-epic-12-vintage-blue.html
Montecristo,Epic Craft Cured,,cigarplace,https://www.cigarplace.biz/all-brands/montecristo-cigars/montecristo-epic-craft-cured.html
Montecristo,Epic Vintage 12,,cigarpage,https://www.cigarpage.com/cigars/montecristo-epic-vintage-12.html
Montecristo,Espada,,cigarpage+cigarplace,https://www.cigarplace.biz/all-brands/montecristo-cigars/montecristo-espada.html
Montecristo,Espada Conquistador,,cigarpage,https://www.cigarpage.com/cigars/montecristo-espada-conquistador.html
Montecristo,Espada Oscuro,,cigarpage+cigarplace,https://www.cigarplace.biz/all-brands/montecristo-cigars/montecristo-espada-oscuro.html
Montecristo,Espada Signature,,cigarpage+cigarplace,https://www.cigarplace.biz/all-brands/montecristo-cigars/montecristo-espada-signature.html
Montecristo,M,,cigarpage+cigarplace,https://www.cigarplace.biz/all-brands/montecristo-cigars/montecristo-m.html
Montecristo,Monte,,cigarpage+cigarplace,https://www.cigarplace.biz/all-brands/montecristo-cigars/monte-by-montecristo.html
Montecristo,Nicaragua,,cigarpage+cigarplace,https://www.cigarplace.biz/all-brands/montecristo-cigars/montecristo-nicaragua.html
Montecristo,Platinum,,cigarpage+cigarplace,https://www.cigarplace.biz/all-brands/montecristo-cigars/montecristo-platinum.html
Montecristo,Volume 1,,cigarplace,https://www.cigarplace.biz/all-brands/montecristo-cigars/montecristo-volume-1.html
Montecristo,Volume II The Rendezvous,,cigarplace,https://www.cigarplace.biz/all-brands/montecristo-cigars/montecristo-volume-ii-the-rendezvous.html
Montecristo,White,,cigarpage+cigarplace,https://www.cigarplace.biz/all-brands/montecristo-cigars/montecristo-white.html
Montecristo,White Vintage Connecticut,,cigarplace,https://www.cigarplace.biz/all-brands/montecristo-cigars/montecristo-white-vintage-connecticut.html
Montesino,Maduro,,cigarpage,https://www.cigarpage.com/cigars/montesino-maduro.html
Montesino,Natural,,cigarpage,https://www.cigarpage.com/cigars/montesino.html
Murcielago,(브랜드 단일),,cigarpage,https://www.cigarpage.com/cigars/murcielago-capa-negra-box-pressed.html
MUWAT My Uzi Weighs a Ton,(브랜드 단일),,cigarplace,https://www.cigarplace.biz/all-brands/muwat-my-uzi-weighs-a-ton.html
My Father,Blue Honduras,,cigarpage,https://www.cigarpage.com/cigars/my-father-blue-honduras.html
My Father,Connecticut,,cigarpage+cigarplace,https://www.cigarplace.biz/all-brands/my-father-cigars/my-father-connecticut.html
My Father,El Centurion H-2K-CT,,cigarpage+cigarplace,https://www.cigarplace.biz/all-brands/my-father-cigars/my-father-el-centurion-h-2k-ct.html
My Father,La Antiguedad,,cigarpage+cigarplace,https://www.cigarplace.biz/all-brands/my-father-cigars/my-father-la-antiguedad.html
My Father,La Duena,,cigarpage,https://www.cigarpage.com/cigars/my-father-la-duena.html
My Father,La Gran Oferta,,cigarpage+cigarplace,https://www.cigarplace.biz/all-brands/my-father-cigars/my-father-la-gran-oferta.html
My Father,La Lealtad,,cigarpage,https://www.cigarpage.com/cigars/my-father-la-lealtad.html
My Father,La Opulencia,,cigarpage+cigarplace,https://www.cigarplace.biz/all-brands/my-father-cigars/my-father-la-opulencia.html
My Father,La Promesa,,cigarpage+cigarplace,https://www.cigarplace.biz/all-brands/my-father-cigars/my-father-la-promesa.html
My Father,Le Bijou 1922,,cigarpage+cigarplace,https://www.cigarplace.biz/all-brands/my-father-cigars/my-father-le-bijou-1922.html
My Father,Limited Edition,,cigarplace,https://www.cigarplace.biz/all-brands/my-father-cigars/my-father-limited-edition.html
My Father,The Judge,,cigarplace,https://www.cigarplace.biz/all-brands/my-father-cigars/my-father-the-judge.html
My Father,Vegas Cubanas,,cigarpage,https://www.cigarpage.com/cigars/my-father-vegas-cubanas.html
Nasser The Goat by AJ Fernandez,(브랜드 단일),,cigarplace,https://www.cigarplace.biz/all-brands/nasser-the-goat-by-aj-fernandez.html
Nasser The Goat Connecticut by AJ Fernandez,(브랜드 단일),,cigarplace,https://www.cigarplace.biz/all-brands/nasser-the-goat-connecticut-by-aj-fernandez.html
Nat Sherman,1930,,cigarplace,https://www.cigarplace.biz/all-brands/nat-sherman-cigars/nat-sherman-1930.html
Nat Sherman,Epoca,,cigarplace,https://www.cigarplace.biz/all-brands/nat-sherman-cigars/nat-sherman-epoca.html
Nat Sherman,Host,,cigarplace,https://www.cigarplace.biz/all-brands/nat-sherman-cigars/nat-sherman-host.html
Nat Sherman,Host Maduro,,cigarplace,https://www.cigarplace.biz/all-brands/nat-sherman-cigars/nat-sherman-host-maduro.html
Nat Sherman,Metropolitan Connecticut,,cigarplace,https://www.cigarplace.biz/all-brands/nat-sherman-cigars/nat-sherman-metropolitan-connecticut.html
Nat Sherman,Metropolitan Habano,,cigarplace,https://www.cigarplace.biz/all-brands/nat-sherman-cigars/nat-sherman-metropolitan-habano.html
Nat Sherman,Metropolitan Maduro,,cigarplace,https://www.cigarplace.biz/all-brands/nat-sherman-cigars/nat-sherman-metropolitan-maduro.html
Nat Sherman,Timeless Prestige,,cigarplace,https://www.cigarplace.biz/all-brands/nat-sherman-cigars/nat-sherman-timeless-prestige.html
Nat Sherman,Timeless Supreme,,cigarplace,https://www.cigarplace.biz/all-brands/nat-sherman-cigars/nat-sherman-timeless-supreme.html
New World by A.J. Fernandez,(브랜드 단일),,cigarplace,https://www.cigarplace.biz/all-brands/new-world-by-a-j-fernandez.html
New World Cameroon by A.J. Fernandez,(브랜드 단일),,cigarplace,https://www.cigarplace.biz/all-brands/new-world-cameroon-by-a-j-fernandez.html
New World Connecticut by A.J. Fernandez,(브랜드 단일),,cigarplace,https://www.cigarplace.biz/all-brands/new-world-connecticut-by-a-j-fernandez.html
New World Decenio 10th Anniversary,(브랜드 단일),,cigarplace,https://www.cigarplace.biz/all-brands/new-world-decenio-10th-anniversary.html
New World Dorado,(브랜드 단일),,cigarplace,https://www.cigarplace.biz/all-brands/new-world-dorado.html
New World Puro Especial,(브랜드 단일),,cigarplace,https://www.cigarplace.biz/all-brands/new-world-puro-especial.html
NF Cigars,V Decada,unknown,cigarpage,https://www.cigarpage.com/cigars/nf-cigars-v-decada.html
Nica Rustica Adobe,(브랜드 단일),,cigarplace,https://www.cigarplace.biz/all-brands/nica-rustica-adobe.html
Nica Rustica by Drew Estate,(브랜드 단일),,cigarplace,https://www.cigarplace.biz/all-brands/nica-rustica-by-drew-estate.html
Nica Rustica Shade by Drew Estate,(브랜드 단일),,cigarplace,https://www.cigarplace.biz/all-brands/nica-rustica-shade-by-drew-estate.html
Nicaraguan Series by AJ Fernandez,(브랜드 단일),,cigarplace,https://www.cigarplace.biz/all-brands/nicaraguan-series-by-aj-fernandez.html
No Step On Snek,(브랜드 단일),unknown,cigarpage,https://www.cigarpage.com/cigars/no-step-on-snek.html
Nub,Box-Pressed,,cigarpage,https://www.cigarpage.com/cigars/nub-box-pressed.html
Nub,Cameroon,,cigarpage+cigarplace,https://www.cigarplace.biz/all-brands/nub-cigars/nub-cameroon.html
Nub,Connecticut,,cigarpage+cigarplace,https://www.cigarplace.biz/all-brands/nub-cigars/nub-connecticut.html
Nub,Dub,,cigarplace,https://www.cigarplace.biz/all-brands/nub-cigars/nub-dub.html
Nub,Habano,,cigarpage+cigarplace,https://www.cigarplace.biz/all-brands/nub-cigars/nub-habano.html
Nub,Maduro,,cigarpage+cigarplace,https://www.cigarplace.biz/all-brands/nub-cigars/nub-maduro.html
Nub,Nuance Double Roast,infused,cigarpage+cigarplace,https://www.cigarplace.biz/all-brands/nub-cigars/nub-nuance-double-roast.html
Nub,Nuance Single Roast,infused,cigarpage+cigarplace,https://www.cigarplace.biz/all-brands/nub-cigars/nub-nuance-single-roast.html
Nub,Nuance Triple Roast,infused,cigarpage+cigarplace,https://www.cigarplace.biz/all-brands/nub-cigars/nub-nuance-triple-roast.html
Nub,Tubos,,cigarpage,https://www.cigarpage.com/cigars/nub-tubos-ks-nubtubos.html
Obsidian,(브랜드 단일),,cigarplace,https://www.cigarplace.biz/all-brands/obsidian.html
Obsidian White Noise,(브랜드 단일),,cigarplace,https://www.cigarplace.biz/all-brands/obsidian-white-noise.html
Odyssey,Full,unknown,cigarpage,https://www.cigarpage.com/cigars/odyssey-full.html
Ojo de Buey,Connecticut,unknown,cigarpage,https://www.cigarpage.com/cigars/ojo-de-buey-connecticut.html
Oliva,Black Swan,,cigarpage,https://www.cigarpage.com/oliva-black-swan.html
Oliva,Connecticut Reserve,,cigarpage+cigarplace,https://www.cigarplace.biz/all-brands/oliva-cigars/oliva-connecticut-reserve.html
Oliva,Master Blends 3,,cigarpage+cigarplace,https://www.cigarplace.biz/all-brands/oliva-cigars/oliva-master-blends-3.html
Oliva,Serie G,,cigarpage+cigarplace,https://www.cigarplace.biz/all-brands/oliva-cigars/oliva-serie-g.html
Oliva,Serie G Maduro,,cigarpage+cigarplace,https://www.cigarplace.biz/all-brands/oliva-cigars/oliva-serie-g-maduro.html
Oliva,Serie O,,cigarpage+cigarplace,https://www.cigarplace.biz/all-brands/oliva-cigars/oliva-serie-o.html
Oliva,Serie O Maduro,,cigarpage+cigarplace,https://www.cigarplace.biz/all-brands/oliva-cigars/oliva-serie-o-maduro.html
Oliva,Serie V,,cigarpage+cigarplace,https://www.cigarplace.biz/all-brands/oliva-cigars/oliva-serie-v.html
Oliva,Serie V 135th Anniversary,,cigarpage,https://www.cigarpage.com/cigars/oliva-serie-v-135th-anniversary.html
Oliva,Serie V Maduro,,cigarpage+cigarplace,https://www.cigarplace.biz/all-brands/oliva-cigars/oliva-serie-v-maduro.html
Oliva,Serie V Melanio,,cigarpage+cigarplace,https://www.cigarplace.biz/all-brands/oliva-cigars/oliva-serie-v-melanio.html
Oliva,Serie V Melanio Edicion Ano,,cigarpage,https://www.cigarpage.com/cigars/oliva-serie-v-melanio-edicion-ano-2023-figurino.html
Oliva,Serie V Melanio Maduro,,cigarpage+cigarplace,https://www.cigarplace.biz/all-brands/oliva-cigars/oliva-serie-v-melanio-maduro.html
Oliveros,Gran Retorno Connecticut,,cigarpage,https://www.cigarpage.com/cigars/oliveros-gran-retorno-connecticut.html
Oliveros,Gran Retorno Habano,,cigarpage,https://www.cigarpage.com/cigars/oliveros-gran-retorno-habano.html
Oliveros,Gran Retorno Maduro,,cigarpage,https://www.cigarpage.com/cigars/oliveros-gran-retorno-maduro.html
Omar Ortez,Connecticut,,cigarpage,https://www.cigarpage.com/cigars/omar-ortez-connecticut.html
Omar Ortez,Maduro,,cigarpage,https://www.cigarpage.com/cigars/omar-ortez-maduro.html
Omar Ortez,Originals,,cigarpage,https://www.cigarpage.com/cigars/omar-ortez-originals.html
One More No Talking,(브랜드 단일),unknown,cigarpage,https://www.cigarpage.com/cigars/one-more-no-talking-ks-omt.html
Onyx,Bold Nicaragua,,cigarpage,https://www.cigarpage.com/cigars/onyx-bold-nicaragua.html
Onyx,Reserve,,cigarpage,https://www.cigarpage.com/cigars/onyx-reserve.html
Onyx,Vintage Nicaragua,,cigarpage,https://www.cigarpage.com/cigars/onyx-vintage-nicaragua.html
Onyx Bold Nicaragua,(브랜드 단일),,cigarplace,https://www.cigarplace.biz/all-brands/onyx-bold-nicaragua.html
Onyx Vintage Nicaragua,(브랜드 단일),,cigarplace,https://www.cigarplace.biz/all-brands/onyx-vintage-nicaragua.html
Oscar Valladares,10th Anniversary,,cigarpage,https://www.cigarpage.com/cigars/oscar-valladares-10th-anniversary.html
Oscar Valladares,2012 by Oscar Corojo,,cigarpage,https://www.cigarpage.com/cigars/2012-by-oscar-barberpole.html
Oscar Valladares,Big Johnny by Oscar,,cigarpage,https://www.cigarpage.com/cigars/leaf-by-oscar.html
Oscar Valladares,Ciseron Edition,,cigarpage,https://www.cigarpage.com/cigars/oscar-valladares-ciseron-edition.html
Oscar Valladares,Ciseron Edition Art Series,,cigarplace,https://www.cigarplace.biz/all-brands/oscar-valladares-cigars/oscar-valladares-ciseron-edition-art-series.html
Oscar Valladares,Colaboraciones,,cigarpage,https://www.cigarpage.com/cigars/oscar-colaboraciones.html
Oscar Valladares,Island Jim by Oscar,,cigarpage,https://www.cigarpage.com/cigars/island-jim-by-oscar.html
Oscar Valladares,Leaf by Oscar Corojo,,cigarpage,https://www.cigarpage.com/cigars/leaf-by-oscar-10th-anniversary.html
Oscar Valladares,McFly Natural,,cigarpage,https://www.cigarpage.com/cigars/oscar-valladares-mcfly-natural.html
Oscar Valladares,Plan B by Oscar Habano,,cigarpage,https://www.cigarpage.com/cigars/plan-b-by-oscar-connecticut.html
Oscar Valladares,Super Fly Connecticut,,cigarpage,https://www.cigarpage.com/cigars/oscar-valladares-super-fly-connecticut.html
Oscar Valladares,Super Fly Maduro,,cigarpage,https://www.cigarpage.com/cigars/super-fly-by-oscar-valladares-maduro.html
Oscar Valladares,The Oscar Connecticut,,cigarpage,https://www.cigarpage.com/cigars/the-oscar-connecticut.html
Oscar Valladares,The Oscar Habano,,cigarpage,https://www.cigarpage.com/cigars/the-oscar-habano.html
Oscar Valladares,The Oscar Maduro,,cigarpage,https://www.cigarpage.com/cigars/the-oscar-maduro.html
Oscar Valladares,Wild Hunter by Oscar Oscuro,,cigarpage,https://www.cigarpage.com/cigars/wild-hunter-by-oscar-oscuro.html
Oscar Valladares 10th Anniversary,(브랜드 단일),,cigarplace,https://www.cigarplace.biz/all-brands/oscar-valladares-10th-anniversary.html
Oscar Valladares Heaven and Hell,(브랜드 단일),,cigarplace,https://www.cigarplace.biz/all-brands/oscar-valladares-heaven-and-hell.html
Oscar Valladares Super Fly,(브랜드 단일),,cigarplace,https://www.cigarplace.biz/all-brands/oscar-valladares-super-fly.html
OZ Family Cigars,Aramas,,cigarpage,https://www.cigarpage.com/cigars/ozgener-family-cigar-aramas.html
OZ Family Cigars,Bosphorus,,cigarpage,https://www.cigarpage.com/cigars/bosphorus-b54.html
OZ Family Cigars,Firsat,,cigarpage,https://www.cigarpage.com/cigars/ozgener-family-cigar-firsat.html
OZ Family Cigars,Karatoba,,cigarpage,https://www.cigarpage.com/cigars/oz-family-cigars-karatoba.html
OZ Family Cigars,Maracana,,cigarpage,https://www.cigarpage.com/cigars/oz-family-cigars-maracana.html
OZ Family Cigars,OG Nicaragua,,cigarpage,https://www.cigarpage.com/cigars/ozgener-family-og-nicaragua.html
OZ Family Cigars,Pi Synesthesia L.E,,cigarpage,https://www.cigarpage.com/cigars/ozgener-family-cigar-pi-synthethesia-l-e.html
OZ Family Cigars,World Cup,,cigarpage,https://www.cigarpage.com/cigars/oz-family-cigars-world-cup.html
P.O.P.,Connecticut,unknown,cigarpage,https://www.cigarpage.com/cigars/p-o-p-connecticut.html
Padilla,Artemis,,cigarpage,https://www.cigarpage.com/cigars/padilla-artemis-ks-pl5.html
Padilla,Cazadores,,cigarpage,https://www.cigarpage.com/cigars/padilla-cazadores.html
Padilla,Connecticut,,cigarplace,https://www.cigarplace.biz/all-brands/padilla-cigars/padilla-connecticut.html
Padilla,Dominus,,cigarpage,https://www.cigarpage.com/cigars/padilla-dominus-ks-pl6.html
Padilla,Flor de Padilla,,cigarpage,https://www.cigarpage.com/cigars/flor-de-padilla.html
Padilla,La Pilar,,cigarpage,https://www.cigarpage.com/cigars/padilla-la-pilar.html
Padilla,La Terraza Connecticut,,cigarpage,https://www.cigarpage.com/cigars/padilla-la-terraza-connecticut.html
Padilla,La Terraza Maduro,,cigarpage,https://www.cigarpage.com/cigars/padilla-la-terraza-maduro.html
Padilla,Reserva,,cigarpage+cigarplace,https://www.cigarplace.biz/all-brands/padilla-cigars/padilla-reserva.html
Padilla,Reserva Oscuro,,cigarpage,https://www.cigarpage.com/cigars/padilla-reserva-oscuro.html
Padilla,San Andres,,cigarpage,https://www.cigarpage.com/cigars/padilla-san-andres-ks-pl3.html
Padilla,Series 68 Black Bear,,cigarpage,https://www.cigarpage.com/cigars/padilla-series-68-black-bear.html
Padilla,Series 68 Golden Bear,,cigarpage,https://www.cigarpage.com/cigars/padilla-series-68-golden-bear.html
Padilla,Series 68 Original,,cigarpage,https://www.cigarpage.com/cigars/padilla-series-68-original.html
Padilla,Single Batch Barrel Proof,,cigarplace,https://www.cigarplace.biz/all-brands/padilla-cigars/padilla-single-batch-barrel-proof.html
Padron,1926 Serie Maduro,,cigarpage+cigarplace,https://www.cigarplace.biz/all-brands/padron-cigars/padron-1926-serie-maduro.html
Padron,1926 Serie Natural,,cigarplace,https://www.cigarplace.biz/all-brands/padron-cigars/padron-1926-serie-natural.html
Padron,1964 Anniversary Maduro,,cigarplace,https://www.cigarplace.biz/all-brands/padron-cigars/padron-1964-anniversary-maduro.html
Padron,1964 Anniversary Natural,,cigarplace,https://www.cigarplace.biz/all-brands/padron-cigars/padron-1964-anniversary-natural.html
Padron,Black Natural,,cigarplace,https://www.cigarplace.biz/all-brands/padron-cigars/padron-black-natural.html
Padron,Damaso,,cigarpage+cigarplace,https://www.cigarplace.biz/all-brands/padron-cigars/padron-damaso.html
Padron,Family Reserve,,cigarplace,https://www.cigarplace.biz/all-brands/padron-cigars/padron-family-reserve.html
Padron,Maduro,,cigarpage+cigarplace,https://www.cigarplace.biz/all-brands/padron-cigars/padron-maduro.html
Padron,Natural,,cigarplace,https://www.cigarplace.biz/all-brands/padron-cigars/padron-natural.html
Pappy Van Winkle Tradition,(브랜드 단일),,cigarplace,https://www.cigarplace.biz/all-brands/pappy-van-winkle-tradition.html
Partagas,1845,,cigarplace,https://www.cigarplace.biz/all-brands/partagas-cigars/partagas-1845.html
Partagas,1845 Extra Fuerte,,cigarplace,https://www.cigarplace.biz/all-brands/partagas-cigars/partagas-1845-extra-fuerte.html
Partagas,1845 Extra Oscuro,,cigarplace,https://www.cigarplace.biz/all-brands/partagas-cigars/partagas-1845-extra-oscuro.html
Partagas,Black,,cigarpage,https://www.cigarpage.com/cigars/partagas-black.html
Partagas,Black Label,,cigarplace,https://www.cigarplace.biz/all-brands/partagas-cigars/partagas-black-label.html
Partagas,Cifuentes,,cigarplace,https://www.cigarplace.biz/all-brands/partagas-cigars/partagas-cifuentes.html
Partagas,Cortado,,cigarplace,https://www.cigarplace.biz/all-brands/partagas-cigars/partagas-cortado.html
Partagas,Heritage,,cigarplace,https://www.cigarplace.biz/all-brands/partagas-cigars/partagas-heritage.html
Partagas,Legend,,cigarplace,https://www.cigarplace.biz/all-brands/partagas-cigars/partagas-legend.html
Partagas,Maduro,,cigarpage,https://www.cigarpage.com/cigars/partagas-maduro.html
Partagas,Valle Verde,,cigarpage+cigarplace,https://www.cigarplace.biz/all-brands/partagas-cigars/partagas-valle-verde.html
Partagas,y Nada Mas,,cigarpage,https://www.cigarpage.com/cigars/partagas-y-nada-mas.html
Patina,Oro de Nicaragua,unknown,cigarpage,https://www.cigarpage.com/cigars/patina-oro-de-nicaragua.html
PDR,A. Flores 1975 Serie Privada Capa Habano,,cigarplace,https://www.cigarplace.biz/all-brands/pdr-cigars/a-flores-1975-serie-privada-capa-habano.html
PDR,Flores y Rodriguez Cabinet Seleccion Maduro,,cigarplace,https://www.cigarplace.biz/all-brands/pdr-cigars/pdr-flores-y-rodriguez-cabinet-seleccion-maduro.html
Peggy O'Neal,(브랜드 단일),unknown,cigarpage,https://www.cigarpage.com/cigars/peggy-o-neal.html
Perdomo,20th Anniversary Connecticut,,cigarpage+cigarplace,https://www.cigarplace.biz/all-brands/perdomo-cigars/perdomo-20th-anniversary-connecticut.html
Perdomo,20th Anniversary Maduro,,cigarpage+cigarplace,https://www.cigarplace.biz/all-brands/perdomo-cigars/perdomo-20th-anniversary-maduro.html
Perdomo,20th Anniversary Sun Grown,,cigarpage+cigarplace,https://www.cigarplace.biz/all-brands/perdomo-cigars/perdomo-20th-anniversary-sun-grown.html
Perdomo,30th Anniversary Connecticut,,cigarpage+cigarplace,https://www.cigarplace.biz/all-brands/perdomo-cigars/perdomo-30th-anniversary-connecticut.html
Perdomo,30th Anniversary Maduro,,cigarpage+cigarplace,https://www.cigarplace.biz/all-brands/perdomo-cigars/perdomo-30th-anniversary-maduro.html
Perdomo,30th Anniversary Sun Grown,,cigarpage+cigarplace,https://www.cigarplace.biz/all-brands/perdomo-cigars/perdomo-30th-anniversary-sun-grown.html
Perdomo,Champagne,,cigarpage,https://www.cigarpage.com/cigars/perdomo-champagne.html
Perdomo,Double Aged 12 Year Vintage Connecticut,,cigarplace,https://www.cigarplace.biz/all-brands/perdomo-cigars/perdomo-double-aged-12-year-vintage-connecticut-1.html
Perdomo,Double Aged 12 Year Vintage Maduro,,cigarpage+cigarplace,https://www.cigarplace.biz/all-brands/perdomo-cigars/perdomo-double-aged-12-year-vintage-maduro-1.html
Perdomo,Double Aged 12 Year Vintage Sun Grown,,cigarpage+cigarplace,https://www.cigarplace.biz/all-brands/perdomo-cigars/perdomo-double-aged-12-year-vintage-sun-grown-1.html
Perdomo,Factory Tour Blend Connecticut,,cigarplace,https://www.cigarplace.biz/all-brands/perdomo-cigars/perdomo-factory-tour-blend-connecticut.html
Perdomo,Factory Tour Blend Maduro,,cigarplace,https://www.cigarplace.biz/all-brands/perdomo-cigars/perdomo-factory-tour-blend-maduro.html
Perdomo,Factory Tour Blend Sun Grown,,cigarplace,https://www.cigarplace.biz/all-brands/perdomo-cigars/perdomo-factory-tour-blend-sun-grown.html
Perdomo,Habano Bourbon Barrel-Aged Connecticut,,cigarpage+cigarplace,https://www.cigarplace.biz/all-brands/perdomo-cigars/perdomo-habano-bourbon-barrel-aged-connecticut.html
Perdomo,Habano Bourbon Barrel-Aged Maduro,,cigarpage+cigarplace,https://www.cigarplace.biz/all-brands/perdomo-cigars/perdomo-habano-bourbon-barrel-aged-maduro.html
Perdomo,Habano Bourbon Barrel-Aged Sun Grown,,cigarpage+cigarplace,https://www.cigarplace.biz/all-brands/perdomo-cigars/perdomo-habano-bourbon-barrel-aged-sun-grown.html
Perdomo,Inmenso Seventy Maduro,,cigarplace,https://www.cigarplace.biz/all-brands/perdomo-cigars/perdomo-inmenso-seventy-maduro.html
Perdomo,Inmenso Seventy Sun Grown,,cigarplace,https://www.cigarplace.biz/all-brands/perdomo-cigars/perdomo-inmenso-seventy-sun-grown.html
Perdomo,Legacy Connecticut,,cigarpage,https://www.cigarpage.com/cigars/perdomo-legacy-connecticut.html
Perdomo,Legacy Maduro,,cigarpage,https://www.cigarpage.com/cigars/perdomo-legacy-maduro.html
Perdomo,Legacy Shade Grown,,cigarpage,https://www.cigarpage.com/cigars/perdomo-legacy-shade-grown.html
Perdomo,Lot 23 Connecticut,,cigarpage+cigarplace,https://www.cigarplace.biz/all-brands/perdomo-cigars/perdomo-lot-23-connecticut.html
Perdomo,Lot 23 Maduro,,cigarpage+cigarplace,https://www.cigarplace.biz/all-brands/perdomo-cigars/perdomo-lot-23-maduro.html
Perdomo,Lot 23 Natural,,cigarplace,https://www.cigarplace.biz/all-brands/perdomo-cigars/perdomo-lot-23-natural.html
Perdomo,Lot 23 Natural Sun Grown,,cigarpage,https://www.cigarpage.com/cigars/perdomo-lot-23.html
Perdomo,Mini Cigarillos,cigarillo,cigarplace,https://www.cigarplace.biz/all-brands/perdomo-cigars/perdomo-mini-cigarillos.html
Perdomo,Reserve 10th Anniversary Box-Pressed Maduro,,cigarpage,https://www.cigarpage.com/cigars/perdomo-reserve-10th-anniversary-box-pressed-maduro.html
Perdomo,Reserve 10th Anniversary Box-Pressed Sun Grown,,cigarpage,https://www.cigarpage.com/cigars/perdomo-reserve-10th-anniversary-box-pressed-sun-grown.html
Perdomo,Reserve 10th Anniversary Maduro,,cigarplace,https://www.cigarplace.biz/all-brands/perdomo-cigars/perdomo-reserve-10th-anniversary-maduro-1.html
Perdomo,Reserve 10th Anniversary Sun Grown,,cigarplace,https://www.cigarplace.biz/all-brands/perdomo-cigars/perdomo-reserve-10th-anniversary-sun-grown.html
Perdomo,Reserve Champagne,,cigarplace,https://www.cigarplace.biz/all-brands/perdomo-cigars/perdomo-reserve-champagne.html
Perdomo,Reserve Limited Cameroon Edition,,cigarplace,https://www.cigarplace.biz/all-brands/perdomo-cigars/perdomo-reserve-limited-cameroon-edition.html
Perdomo,Small Batch Series Connecticut,,cigarplace,https://www.cigarplace.biz/all-brands/perdomo-cigars/perdomo-small-batch-series-connecticut.html
Perdomo,Small Batch Series Maduro,,cigarplace,https://www.cigarplace.biz/all-brands/perdomo-cigars/perdomo-small-batch-series-maduro.html
Perdomo,Small Batch Series Sun Grown,,cigarplace,https://www.cigarplace.biz/all-brands/perdomo-cigars/perdomo-small-batch-series-sun-grown.html
Perdomo,Special Craft Series Amber,,cigarplace,https://www.cigarplace.biz/all-brands/perdomo-cigars/perdomo-special-craft-series-amber.html
Perdomo,Special Craft Series Pilsner,,cigarplace,https://www.cigarplace.biz/all-brands/perdomo-cigars/perdomo-special-craft-series-pilsner.html
Perdomo,Special Craft Series Stout,,cigarplace,https://www.cigarplace.biz/all-brands/perdomo-cigars/perdomo-special-craft-series-stout.html
Perla del Mar,Corojo,,cigarpage,https://www.cigarpage.com/cigars/perla-del-mar-corojo.html
Perla del Mar,Maduro,,cigarpage,https://www.cigarpage.com/cigars/perla-del-mar-maduro.html
Perla del Mar,Shade,,cigarpage,https://www.cigarpage.com/cigars/perla-del-mar-shade.html
Perla del Mar Corojo,(브랜드 단일),,cigarplace,https://www.cigarplace.biz/all-brands/perla-del-mar-corojo.html
Perla del Mar Maduro,(브랜드 단일),,cigarplace,https://www.cigarplace.biz/all-brands/perla-del-mar-maduro.html
Perla del Mar Shade,(브랜드 단일),,cigarplace,https://www.cigarplace.biz/all-brands/perla-del-mar-shade.html
Pichardo,Clasico Maduro,,cigarpage,https://www.cigarpage.com/cigars/pichardo-clasico-maduro.html
Pichardo,Clasico Natural,,cigarpage,https://www.cigarpage.com/cigars/pichardo-clasico-natural.html
Pichardo,Clasico Sumatra,,cigarpage,https://www.cigarpage.com/cigars/pichardo-clasico-sumatra.html
Pinar del Rio,1878 Recordando a Santiago Maduro,,cigarpage,https://www.cigarpage.com/cigars/pdr-1878-recordando-a-santiago-maduro.html
Pinar del Rio,1878 Recordando a Santiago Natural,,cigarpage,https://www.cigarpage.com/cigars/pdr-1878-recordando-a-santiago.html
Pinar del Rio,1878 Recordando a Santiago Sun Grown,,cigarpage,https://www.cigarpage.com/cigars/pdr-1878-recordando-a-santiago-sun-grown.html
Pinar del Rio,El Criollito by A. Flores,,cigarpage,https://www.cigarpage.com/cigars/pdr-el-criollito-by-a-flores.html
Pirate's Gold,Maduro,,cigarpage,https://www.cigarpage.com/cigars/pirate-s-gold-maduro.html
Plasencia,Alma Del Campo,,cigarpage,https://www.cigarpage.com/cigars/plasencia-alma-del-campo.html
Plasencia,Alma Del Cielo,,cigarpage,https://www.cigarpage.com/cigars/plasencia-alma-del-cielo.html
Plasencia,Alma Del Fuego,,cigarpage,https://www.cigarpage.com/cigars/plasencia-alma-del-fuego.html
Plasencia,Alma Fuerte,,cigarpage,https://www.cigarpage.com/cigars/plasencia-alma-fuerte.html
Plasencia,Alma Fuerte Colorado,,cigarpage,https://www.cigarpage.com/cigars/plasencia-alma-fuerte-colorado.html
Plasencia,Cosecha 149,,cigarpage,https://www.cigarpage.com/cigars/plasencia-cosecha-149.html
Plasencia,Cosecha 151,,cigarpage,https://www.cigarpage.com/cigars/plasencia-cosecha-151.html
Plasencia,Reserva Original,,cigarpage,https://www.cigarpage.com/cigars/plasencia-reserva-original.html
Plasencia,Year of the Snake 2025,,cigarpage,https://www.cigarpage.com/cigars/plasencia-year-of-the-snake-2025.html
Plasencia Alma del Campo,(브랜드 단일),,cigarplace,https://www.cigarplace.biz/all-brands/plasencia-alma-del-campo.html
Plasencia Alma del Cielo,(브랜드 단일),,cigarplace,https://www.cigarplace.biz/all-brands/plasencia-alma-del-cielo.html
Plasencia Alma del Fuego,(브랜드 단일),,cigarplace,https://www.cigarplace.biz/all-brands/plasencia-alma-del-fuego.html
Plasencia Alma Fuerte,(브랜드 단일),,cigarplace,https://www.cigarplace.biz/all-brands/plasencia-alma-fuerte.html
Plasencia Alma Fuerte Natural,(브랜드 단일),,cigarplace,https://www.cigarplace.biz/all-brands/plasencia-alma-fuerte-natural.html
Plasencia Cosecha 146,(브랜드 단일),,cigarplace,https://www.cigarplace.biz/all-brands/plasencia-cosecha-146.html
Plasencia Cosecha 149,(브랜드 단일),,cigarplace,https://www.cigarplace.biz/all-brands/plasencia-cosecha-149.html
Plasencia Cosecha 151,(브랜드 단일),,cigarplace,https://www.cigarplace.biz/all-brands/plasencia-cosecha-151.html
Plasencia Reserva Original,(브랜드 단일),,cigarplace,https://www.cigarplace.biz/all-brands/plasencia-reserva-original.html
Prime Minister,(브랜드 단일),unknown,cigarpage,https://www.cigarpage.com/cigars/prime-minister.html
Primos Classic,(브랜드 단일),unknown,cigarplace,https://www.cigarplace.biz/all-brands/primos-classic.html
Primos Estate Selection Habano Criollo Maduro,(브랜드 단일),unknown,cigarplace,https://www.cigarplace.biz/all-brands/primos-estate-selection-habano-criollo-maduro.html
Primos Estate Selection Habano Criollo Rosado,(브랜드 단일),unknown,cigarplace,https://www.cigarplace.biz/all-brands/primos-estate-selection-habano-criollo-rosado.html
Project 805,Maduro,,cigarplace,https://www.cigarplace.biz/all-brands/project-805/project-805-maduro.html
Psyko Seven,Connecticut,,cigarplace,https://www.cigarplace.biz/all-brands/psyko-seven/psyko-seven-connecticut.html
Psyko Seven,Maduro,,cigarplace,https://www.cigarplace.biz/all-brands/psyko-seven/psyko-seven-maduro.html
Punch,Clasico,,cigarpage,https://www.cigarpage.com/cigars/punch.html
Punch,Clasico Double Maduro,,cigarpage,https://www.cigarpage.com/cigars/punch-clasico-double-maduro.html
Punch,Clasico Maduro,,cigarpage,https://www.cigarpage.com/cigars/punch-clasico-maduro.html
Punch,Diablo,,cigarpage+cigarplace,https://www.cigarplace.biz/all-brands/punch-cigars/punch-diablo.html
Punch,Gran Puro,,cigarpage+cigarplace,https://www.cigarplace.biz/all-brands/punch-cigars/punch-gran-puro.html
Punch,Gran Puro Nicaragua,,cigarpage+cigarplace,https://www.cigarplace.biz/all-brands/punch-cigars/punch-gran-puro-nicaragua.html
Punch,Knuckle Buster Habano,,cigarplace,https://www.cigarplace.biz/all-brands/punch-cigars/punch-knuckle-buster-habano.html
Punch,Knuckle Buster Maduro,,cigarplace,https://www.cigarplace.biz/all-brands/punch-cigars/punch-knuckle-buster-maduro.html
Punch,Knuckle Buster Shade,,cigarplace,https://www.cigarplace.biz/all-brands/punch-cigars/punch-knuckle-buster-shade.html
Punch,Maduro,,cigarplace,https://www.cigarplace.biz/all-brands/punch-cigars/punch-maduro.html
Punch,Rare Corojo,,cigarpage+cigarplace,https://www.cigarplace.biz/all-brands/punch-cigars/punch-rare-corojo-1.html
Punch,Signature,,cigarpage+cigarplace,https://www.cigarplace.biz/all-brands/punch-cigars/punch-signature.html
Pure Craft,Salomon,unknown,cigarpage,https://www.cigarpage.com/cigars/briejo-pure-craft-salomon.html
Puro Ambar,(브랜드 단일),unknown,cigarpage,https://www.cigarpage.com/cigars/puro-ambar.html
Quesada,1974,,cigarpage+cigarplace,https://www.cigarplace.biz/all-brands/quesada-cigars/quesada-1974.html
Quesada,40th Anniversary,,cigarpage+cigarplace,https://www.cigarplace.biz/all-brands/quesada-cigars/quesada-40th-anniversary.html
Quesada,Holiday,,cigarplace,https://www.cigarplace.biz/all-brands/quesada-cigars/quesada-holiday.html
Quesada,Jalapa,,cigarplace,https://www.cigarplace.biz/all-brands/quesada-cigars/quesada-jalapa.html
Quesada,Manuel Quesada 70th,,cigarplace,https://www.cigarplace.biz/all-brands/quesada-cigars/manuel-quesada-70th.html
Quesada,Oktoberfest,,cigarpage+cigarplace,https://www.cigarplace.biz/all-brands/quesada-cigars/quesada-oktoberfest.html
Quesada,Q d'Etat,,cigarplace,https://www.cigarplace.biz/all-brands/quesada-cigars/quesada-q-d-etat.html
Quesada,Reserva Privada,,cigarpage+cigarplace,https://www.cigarplace.biz/all-brands/quesada-cigars/quesada-reserva-privada.html
Quesada,Reserva Privada Barberpole,,cigarpage,https://www.cigarpage.com/cigars/quesada-reserva-privada-barberpole.html
Quesada,Reserva Privada Oscuro,,cigarpage,https://www.cigarpage.com/cigars/quesada-reserva-privada-oscuro.html
Quesada,Seleccion Espana,,cigarplace,https://www.cigarplace.biz/all-brands/quesada-cigars/quesada-seleccion-espana.html
Quesada,Selección España,,cigarpage,https://www.cigarpage.com/cigars/quesada-espana.html
Quesada,Suspiro,,cigarpage,https://www.cigarpage.com/cigars/quesada-suspiro.html
Quesada,Tributo,,cigarplace,https://www.cigarplace.biz/all-brands/quesada-cigars/quesada-tributo.html
Ramon Allones,(브랜드 단일),,cigarpage,https://www.cigarpage.com/cigars/ramon-allones-by-aj-fernandez.html
Ramon Allones by AJ Fernandez,(브랜드 단일),,cigarplace,https://www.cigarplace.biz/all-brands/ramon-allones-by-aj-fernandez.html
Ramon Bueso Genesis The Project,(브랜드 단일),,cigarplace,https://www.cigarplace.biz/all-brands/ramon-bueso-genesis-the-project.html
Ramrod,(브랜드 단일),unknown,cigarpage,https://www.cigarpage.com/cigars/ramrod.html
Raw Dog by Oscar Valladares,(브랜드 단일),,cigarplace,https://www.cigarplace.biz/all-brands/raw-dog-by-oscar-valladares.html
Record Bond,Edicion Limitada,unknown,cigarpage,https://www.cigarpage.com/cigars/record-bond-edicion-limitada.html
Red Lion Cheroots,(브랜드 단일),cigarillo,cigarplace,https://www.cigarplace.biz/all-brands/red-lion-cheroots.html
Remington,(브랜드 단일),unknown,cigarpage,https://www.cigarpage.com/cigars/remington-cigars.html
Roasty Jones,Infused,infused,cigarpage,https://www.cigarpage.com/cigars/roasty-jones-infused.html
Rocky Patel,15th Anniversary,,cigarpage+cigarplace,https://www.cigarplace.biz/all-brands/rocky-patel-cigars/rocky-patel-15th-anniversary.html
Rocky Patel,20th Anniversary,,cigarplace,https://www.cigarplace.biz/all-brands/rocky-patel-cigars/rocky-patel-20th-anniversary.html
Rocky Patel,ALR Second Edition,,cigarpage+cigarplace,https://www.cigarplace.biz/all-brands/rocky-patel-cigars/rocky-patel-a-l-r-second-edition.html
Rocky Patel,Black Label,,cigarpage,https://www.cigarpage.com/cigars/rocky-patel-black-label.html
Rocky Patel,Black Swan,,cigarpage,https://www.cigarpage.com/rocky-patel-black-swan-ks-bsr.html
Rocky Patel,Broadleaf,,cigarplace,https://www.cigarplace.biz/all-brands/rocky-patel-cigars/rocky-patel-broadleaf.html
Rocky Patel,Cameroon Especial,,cigarplace,https://www.cigarplace.biz/all-brands/rocky-patel-cigars/rocky-patel-cameroon-especial.html
Rocky Patel,Cargo,,cigarplace,https://www.cigarplace.biz/all-brands/rocky-patel-cigars/rocky-patel-cargo.html
Rocky Patel,Catch 22,,cigarpage+cigarplace,https://www.cigarplace.biz/all-brands/rocky-patel-cigars/rocky-patel-catch-22.html
Rocky Patel,Catch 22 Connecticut,,cigarpage+cigarplace,https://www.cigarplace.biz/all-brands/rocky-patel-cigars/rocky-patel-catch-22-connecticut.html
Rocky Patel,Connecticut,,cigarplace,https://www.cigarplace.biz/all-brands/rocky-patel-cigars/rocky-patel-connecticut.html
Rocky Patel,Conviction,,cigarpage+cigarplace,https://www.cigarplace.biz/all-brands/rocky-patel-cigars/rocky-patel-conviction.html
Rocky Patel,Corojo Especial,,cigarplace,https://www.cigarplace.biz/all-brands/rocky-patel-cigars/rocky-patel-corojo-especial.html
Rocky Patel,Dark Star,,cigarpage+cigarplace,https://www.cigarplace.biz/all-brands/rocky-patel-cigars/rocky-patel-dark-star.html
Rocky Patel,DBS,,cigarpage+cigarplace,https://www.cigarplace.biz/all-brands/rocky-patel-cigars/rocky-patel-dbs.html
Rocky Patel,Decade,,cigarpage+cigarplace,https://www.cigarplace.biz/all-brands/rocky-patel-cigars/rocky-patel-decade.html
Rocky Patel,Decade Cameroon,,cigarplace,https://www.cigarplace.biz/all-brands/rocky-patel-cigars/rocky-patel-decade-cameroon.html
Rocky Patel,Disciple,,cigarpage+cigarplace,https://www.cigarplace.biz/all-brands/rocky-patel-cigars/rocky-patel-disciple.html
Rocky Patel,Edicion Unica,,cigarplace,https://www.cigarplace.biz/all-brands/rocky-patel-cigars/rocky-patel-edicion-unica.html
Rocky Patel,Emerald,,cigarpage+cigarplace,https://www.cigarplace.biz/all-brands/rocky-patel-cigars/rocky-patel-emerald.html
Rocky Patel,Fifty,,cigarplace,https://www.cigarplace.biz/all-brands/rocky-patel-cigars/rocky-patel-fifty.html
Rocky Patel,Fifty-Five,,cigarpage+cigarplace,https://www.cigarplace.biz/all-brands/rocky-patel-cigars/rocky-patel-fifty-five.html
Rocky Patel,Freedom,,cigarplace,https://www.cigarplace.biz/all-brands/rocky-patel-cigars/rocky-patel-freedom.html
Rocky Patel,Freedom Maduro,,cigarplace,https://www.cigarplace.biz/all-brands/rocky-patel-cigars/rocky-patel-freedom-maduro.html
Rocky Patel,Fusion,,cigarpage,https://www.cigarpage.com/cigars/rocky-patel-fusion.html
Rocky Patel,Gold Label,,cigarpage+cigarplace,https://www.cigarplace.biz/all-brands/rocky-patel-cigars/rocky-patel-gold-label.html
Rocky Patel,Grand Reserve,,cigarpage+cigarplace,https://www.cigarplace.biz/all-brands/rocky-patel-cigars/rocky-patel-grand-reserve.html
Rocky Patel,Hamlet 25th Anniversary,,cigarpage,https://www.cigarpage.com/cigars/rocky-patel-hamlet-25th-anniversary.html
Rocky Patel,I-Press,,cigarpage,https://www.cigarpage.com/cigars/rocky-patel-i-press.html
Rocky Patel,Java Latte,infused,cigarplace,https://www.cigarplace.biz/all-brands/rocky-patel-cigars/rocky-patel-java-latte.html
Rocky Patel,Java Maduro,infused,cigarplace,https://www.cigarplace.biz/all-brands/rocky-patel-cigars/rocky-patel-java-maduro.html
Rocky Patel,Java Mint,infused,cigarplace,https://www.cigarplace.biz/all-brands/rocky-patel-cigars/rocky-patel-java-mint.html
Rocky Patel,Java Red,infused,cigarplace,https://www.cigarplace.biz/all-brands/rocky-patel-cigars/rocky-patel-java-red.html
Rocky Patel,LB1,,cigarpage+cigarplace,https://www.cigarplace.biz/all-brands/rocky-patel-cigars/rocky-patel-lb1.html
Rocky Patel,Legends,,cigarplace,https://www.cigarplace.biz/all-brands/rocky-patel-cigars/rocky-patel-legends.html
Rocky Patel,Legends 52 Ray Lewis,,cigarplace,https://www.cigarplace.biz/all-brands/rocky-patel-cigars/rocky-patel-legends-52-ray-lewis.html
Rocky Patel,Number 6,,cigarpage+cigarplace,https://www.cigarplace.biz/all-brands/rocky-patel-cigars/rocky-patel-number-6.html
Rocky Patel,Olde World Reserve Corojo,,cigarplace,https://www.cigarplace.biz/all-brands/rocky-patel-cigars/rocky-patel-olde-world-reserve-corojo.html
Rocky Patel,Olde World Reserve Maduro,,cigarplace,https://www.cigarplace.biz/all-brands/rocky-patel-cigars/rocky-patel-olde-world-reserve-maduro.html
Rocky Patel,Platinum,,cigarpage,https://www.cigarpage.com/cigars/rocky-patel-platinum.html
Rocky Patel,Private Cellar,,cigarpage,https://www.cigarpage.com/cigars/rocky-patel-private-cellar.html
Rocky Patel,Prohibition,,cigarplace,https://www.cigarplace.biz/all-brands/rocky-patel-cigars/rocky-patel-prohibition.html
Rocky Patel,Quarter Century,,cigarpage+cigarplace,https://www.cigarplace.biz/all-brands/rocky-patel-cigars/rocky-patel-quarter-century.html
Rocky Patel,Royale,,cigarpage+cigarplace,https://www.cigarplace.biz/all-brands/rocky-patel-cigars/rocky-patel-royale.html
Rocky Patel,Seed to Smoke Classic,,cigarpage+cigarplace,https://www.cigarplace.biz/all-brands/rocky-patel-cigars/rocky-patel-seed-to-smoke-classic.html
Rocky Patel,Seed to Smoke Shade,,cigarpage+cigarplace,https://www.cigarplace.biz/all-brands/rocky-patel-cigars/rocky-patel-seed-to-smoke-shade.html
Rocky Patel,Shade Connecticut,,cigarpage,https://www.cigarpage.com/cigars/rocky-patel-shade.html
Rocky Patel,Sixty,,cigarpage,https://www.cigarpage.com/cigars/rocky-patel-sixty.html
Rocky Patel,Sixty Sixty,,cigarplace,https://www.cigarplace.biz/all-brands/rocky-patel-cigars/rocky-patel-sixty-sixty.html
Rocky Patel,Special Edition,,cigarpage+cigarplace,https://www.cigarplace.biz/all-brands/rocky-patel-cigars/rocky-patel-special-edition-1.html
Rocky Patel,Sun Grown,,cigarpage+cigarplace,https://www.cigarplace.biz/all-brands/rocky-patel-cigars/rocky-patel-sun-grown.html
Rocky Patel,Sun Grown Maduro,,cigarpage+cigarplace,https://www.cigarplace.biz/all-brands/rocky-patel-cigars/rocky-patel-sun-grown-maduro.html
Rocky Patel,Super Ligero,,cigarplace,https://www.cigarplace.biz/all-brands/rocky-patel-cigars/rocky-patel-super-ligero.html
Rocky Patel,The 1865 Project,,cigarplace,https://www.cigarplace.biz/all-brands/rocky-patel-cigars/rocky-patel-the-1865-project.html
Rocky Patel,The Edge 20th Anniversary,,cigarpage+cigarplace,https://www.cigarplace.biz/all-brands/rocky-patel-cigars/rocky-patel-the-edge-20th-anniversary.html
Rocky Patel,The Edge B52,,cigarpage,https://www.cigarpage.com/cigars/rocky-patel-edge-b52.html
Rocky Patel,The Edge Candela,,cigarplace,https://www.cigarplace.biz/all-brands/rocky-patel-cigars/rocky-patel-the-edge-candela.html
Rocky Patel,The Edge Connecticut,,cigarpage,https://www.cigarpage.com/cigars/rocky-patel-edge-lite.html
Rocky Patel,The Edge Corojo,,cigarpage+cigarplace,https://www.cigarplace.biz/all-brands/rocky-patel-cigars/rocky-patel-the-edge-corojo.html
Rocky Patel,The Edge Habano,,cigarpage+cigarplace,https://www.cigarplace.biz/all-brands/rocky-patel-cigars/rocky-patel-the-edge-habano.html
Rocky Patel,The Edge Lite,,cigarplace,https://www.cigarplace.biz/all-brands/rocky-patel-cigars/rocky-patel-the-edge-lite.html
Rocky Patel,The Edge Maduro,,cigarpage+cigarplace,https://www.cigarplace.biz/all-brands/rocky-patel-cigars/rocky-patel-the-edge-maduro.html
Rocky Patel,The Edge Sumatra,,cigarpage+cigarplace,https://www.cigarplace.biz/all-brands/rocky-patel-cigars/rocky-patel-the-edge-sumatra.html
Rocky Patel,Thirtieth Anniversary,,cigarpage+cigarplace,https://www.cigarplace.biz/all-brands/rocky-patel-cigars/rocky-patel-thirtieth-anniversary.html
Rocky Patel,Twentieth Cigars,,cigarpage,https://www.cigarpage.com/cigars/rocky-patel-twentieth-anniversary.html
Rocky Patel,Twentieth Maduro,,cigarpage,https://www.cigarpage.com/cigars/rocky-patel-twentieth-maduro.html
Rocky Patel,Vintage 1990,,cigarpage+cigarplace,https://www.cigarplace.biz/all-brands/rocky-patel-cigars/rocky-patel-vintage-1990.html
Rocky Patel,Vintage 1992,,cigarpage+cigarplace,https://www.cigarplace.biz/all-brands/rocky-patel-cigars/rocky-patel-vintage-1992.html
Rocky Patel,Vintage 1999,,cigarpage+cigarplace,https://www.cigarplace.biz/all-brands/rocky-patel-cigars/rocky-patel-vintage-1999.html
Rocky Patel,Vintage 2003 Cameroon,,cigarpage+cigarplace,https://www.cigarplace.biz/all-brands/rocky-patel-cigars/rocky-patel-vintage-2003-cameroon.html
Rocky Patel,Vintage 2006 San Andreas,,cigarpage+cigarplace,https://www.cigarplace.biz/all-brands/rocky-patel-cigars/rocky-patel-vintage-2006-san-andreas.html
Rocky Patel,Vintage 20th Anniversary,,cigarplace,https://www.cigarplace.biz/all-brands/rocky-patel-cigars/rocky-patel-vintage-20th-anniversary.html
Rocky Patel,White Label,,cigarpage+cigarplace,https://www.cigarplace.biz/all-brands/rocky-patel-cigars/rocky-patel-white-label.html
Rocky Patel,Winter Collection,,cigarpage,https://www.cigarpage.com/cigars/rocky-patel-winter-collection.html
Rocky Patel,Year of the Dragon,,cigarplace,https://www.cigarplace.biz/all-brands/rocky-patel-cigars/rocky-patel-year-of-the-dragon.html
Rocky Patel,Year of the Horse,,cigarplace,https://www.cigarplace.biz/all-brands/rocky-patel-cigars/rocky-patel-year-of-the-horse.html
Rocky Patel,Year of the Snake,,cigarpage+cigarplace,https://www.cigarplace.biz/all-brands/rocky-patel-cigars/rocky-patel-year-of-the-snake.html
Rojas,10th Anniversary LE,,cigarpage,https://www.cigarpage.com/cigars/rojas-cigars-10th-anniversary-le.html
Rojas,Bluebonnets,,cigarpage,https://www.cigarpage.com/cigars/rojas-cigars-bluebonnets.html
Rojas,Breakfast Tacos,,cigarpage,https://www.cigarpage.com/cigars/rojas-cigars-breakfast-tacos.html
Rojas,Havana Nights,,cigarpage,https://www.cigarpage.com/cigars/rojas-havana-nights.html
Rojas,Quiet Morning,,cigarpage,https://www.cigarpage.com/cigars/rojas-cigars-quiet-morning.html
Rojas,Statement,,cigarpage,https://www.cigarpage.com/cigars/rojas-cigars-statement.html
Rojas,Street Tacos Al Pastor,,cigarpage,https://www.cigarpage.com/cigars/rojas-cigars-street-tacos-al-pastor.html
Rojas,Street Tacos Barbacoa,,cigarpage,https://www.cigarpage.com/cigars/rojas-cigars-street-tacos-barbacoa.html
Rojas,Street Tacos Carnitas,,cigarpage,https://www.cigarpage.com/cigars/rojas-cigars-street-tacos-carnitas.html
Rojas,Texas Toast,,cigarpage,https://www.cigarpage.com/cigars/texas-toast-by-noel-rojas.html
Rojas,Unfinished Business,,cigarpage,https://www.cigarpage.com/cigars/rojas-cigars-unfinished-business.html
RoMa Craft,Baka,,cigarpage,https://www.cigarpage.com/cigars/roma-craft-baka.html
RoMa Craft,CroMagnon,,cigarplace,https://www.cigarplace.biz/all-brands/roma-craft/roma-craft-cromagnon.html
RoMa Craft,CroMagnon Aquitaine,,cigarpage,https://www.cigarpage.com/cigars/roma-craft-cromagnon-aquitaine.html
RoMa Craft,CroMagnon PA Broadleaf,,cigarpage,https://www.cigarpage.com/cigars/roma-craft-cromagnon-pa-broadleaf.html
RoMa Craft,Intemperance BA XXI,,cigarpage+cigarplace,https://www.cigarplace.biz/all-brands/roma-craft/roma-craft-intemperance-ba-xxi.html
RoMa Craft,Intemperance EC XVIII,,cigarpage+cigarplace,https://www.cigarplace.biz/all-brands/roma-craft/roma-craft-intemperance-ec-xviii.html
RoMa Craft,Intemperance Volstead CO 1920,,cigarpage,https://www.cigarpage.com/cigars/roma-craft-intemperance-volstead-co-1920.html
RoMa Craft,Intemperance Whiskey Rebellion 1794,,cigarpage,https://www.cigarpage.com/cigars/roma-craft-intemperance-whiskey-rebellion-1794.html
RoMa Craft,La Maestranza,,cigarpage,https://www.cigarpage.com/cigars/roma-craft-la-maestranza.html
RoMa Craft,Neanderthal,,cigarpage,https://www.cigarpage.com/cigars/roma-craft-neanderthal.html
Romeo y Julieta,150th Anniversary,,cigarpage+cigarplace,https://www.cigarplace.biz/all-brands/romeo-y-julieta-cigars/romeo-y-julieta-150th-anniversary.html
Romeo y Julieta,151st Kentucky Derby,,cigarpage,https://www.cigarpage.com/cigars/romeo-y-julieta-151st-kentucky-derby.html
Romeo y Julieta,1875,,cigarpage+cigarplace,https://www.cigarplace.biz/all-brands/romeo-y-julieta-cigars/1875-romeo-y-julieta.html
Romeo y Julieta,1875 Connecticut Nicaragua,,cigarpage+cigarplace,https://www.cigarplace.biz/all-brands/romeo-y-julieta-cigars/romeo-y-julieta-1875-connecticut-nicaragua.html
Romeo y Julieta,1875 Nicaragua,,cigarpage+cigarplace,https://www.cigarplace.biz/all-brands/romeo-y-julieta-cigars/romeo-y-julieta-1875-nicaragua.html
Romeo y Julieta,1875 Reserve Maduro,,cigarplace,https://www.cigarplace.biz/all-brands/romeo-y-julieta-cigars/romeo-y-julieta-1875-reserve-maduro.html
Romeo y Julieta,Aniversario,,cigarplace,https://www.cigarplace.biz/all-brands/romeo-y-julieta-cigars/romeo-y-julieta-aniversario.html
Romeo y Julieta,Crafted by A.J. Fernandez,,cigarplace,https://www.cigarplace.biz/all-brands/romeo-y-julieta-cigars/romeo-y-julieta-crafted-by-a-j-fernandez.html
Romeo y Julieta,Devocion,,cigarplace,https://www.cigarplace.biz/all-brands/romeo-y-julieta-cigars/romeo-y-julieta-devocion.html
Romeo y Julieta,Media Noche,,cigarplace,https://www.cigarplace.biz/all-brands/romeo-y-julieta-cigars/romeo-y-julieta-media-noche-1.html
Romeo y Julieta,Reserva Real,,cigarpage+cigarplace,https://www.cigarplace.biz/all-brands/romeo-y-julieta-cigars/romeo-y-julieta-reserva-real.html
Romeo y Julieta,Reserva Real Nicaragua,,cigarpage+cigarplace,https://www.cigarplace.biz/all-brands/romeo-y-julieta-cigars/romeo-y-julieta-reserva-real-nicaragua.html
Romeo y Julieta,Reserva Real Nicaragua Midnight Twist,,cigarpage+cigarplace,https://www.cigarplace.biz/all-brands/romeo-y-julieta-cigars/romeo-y-julieta-reserva-real-nicaragua-midnight-twist.html
Romeo y Julieta,Reserva Real Nicaragua Profundo,,cigarpage+cigarplace,https://www.cigarplace.biz/all-brands/romeo-y-julieta-cigars/romeo-y-julieta-reserva-real-nicaragua-profundo.html
Romeo y Julieta,Reserva Real Twisted,,cigarpage,https://www.cigarpage.com/cigars/romeo-y-julieta-reserva-real-twisted.html
Romeo y Julieta,Reserve,,cigarpage+cigarplace,https://www.cigarplace.biz/all-brands/romeo-y-julieta-cigars/romeo-y-julieta-reserve.html
Romeo y Julieta,Romeo 505 Nicaragua,,cigarplace,https://www.cigarplace.biz/all-brands/romeo-y-julieta-cigars/romeo-505-nicaragua-by-romeo-y-julieta.html
Romeo y Julieta,Romeo Anejo,,cigarplace,https://www.cigarplace.biz/all-brands/romeo-y-julieta-cigars/romeo-anejo-by-romeo-y-julieta.html
Romeo y Julieta,Romeo San Andres,,cigarplace,https://www.cigarplace.biz/all-brands/romeo-y-julieta-cigars/romeo-san-andres-by-ryj.html
Romeo y Julieta,Viejo,,cigarplace,https://www.cigarplace.biz/all-brands/romeo-y-julieta-cigars/romeo-y-julieta-viejo.html
Romeo y Julieta,Vintage,,cigarpage+cigarplace,https://www.cigarplace.biz/all-brands/romeo-y-julieta-cigars/romeo-y-julieta-vintage.html
Room 101,Farce,,cigarplace,https://www.cigarplace.biz/all-brands/room-101-cigars/room-101-farce.html
Room 101,Golden Egg,,cigarpage,https://www.cigarpage.com/cigars/matt-booth-s-face-golden-egg.html
Room 101,Hit & Run,,cigarpage,https://www.cigarpage.com/cigars/room-101-hit-run.html
Room 101,Ichiban,,cigarplace,https://www.cigarplace.biz/all-brands/room-101-cigars/room-101-ichiban.html
Room 101,Johnny Tobacconaut,,cigarpage,https://www.cigarpage.com/cigars/room-101-johnny-toabacconaut.html
Room 101,The Big Payback,,cigarplace,https://www.cigarplace.biz/all-brands/room-101-cigars/room-101-the-big-payback.html
Rough Cuts,(브랜드 단일),unknown,cigarpage,https://www.cigarpage.com/cigars/rough-cuts.html
Rurales,(브랜드 단일),unknown,cigarpage,https://www.cigarpage.com/cigars/rurales.html
Saint Luis Rey,Carenas,,cigarpage+cigarplace,https://www.cigarplace.biz/all-brands/saint-luis-rey-cigars/saint-luis-rey-carenas.html
Saint Luis Rey,Carenas Ultramar,,cigarpage+cigarplace,https://www.cigarplace.biz/all-brands/saint-luis-rey-cigars/saint-luis-rey-carenas-ultramar.html
Saint Luis Rey,Gen 2,,cigarplace,https://www.cigarplace.biz/all-brands/saint-luis-rey-cigars/saint-luis-rey-gen-2.html
Saint Luis Rey,Maduro,,cigarpage+cigarplace,https://www.cigarplace.biz/all-brands/saint-luis-rey-cigars/saint-luis-rey-maduro.html
Saint Luis Rey,Natural,,cigarplace,https://www.cigarplace.biz/all-brands/saint-luis-rey-cigars/saint-luis-rey-natural.html
Saint Luis Rey,Natural Broadleaf,,cigarplace,https://www.cigarplace.biz/all-brands/saint-luis-rey-cigars/saint-luis-rey-natural-broadleaf.html
Saint Luis Rey,Serie G Maduro,,cigarpage+cigarplace,https://www.cigarplace.biz/all-brands/saint-luis-rey-cigars/saint-luis-rey-serie-g-maduro.html
Saint Luis Rey,Serie G Natural,,cigarpage+cigarplace,https://www.cigarplace.biz/all-brands/saint-luis-rey-cigars/saint-luis-rey-serie-g-natural.html
San Cristobal,Elegancia,,cigarpage+cigarplace,https://www.cigarplace.biz/all-brands/san-cristobal-cigars/san-cristobal-elegancia.html
San Cristobal,Ovation,,cigarplace,https://www.cigarplace.biz/all-brands/san-cristobal-cigars/san-cristobal-ovation.html
San Cristobal,Quintessence,,cigarpage+cigarplace,https://www.cigarplace.biz/all-brands/san-cristobal-cigars/san-cristobal-quintessence.html
San Cristobal,Revelation,,cigarpage+cigarplace,https://www.cigarplace.biz/all-brands/san-cristobal-cigars/san-cristobal-revelation.html
San Lotano,Connecticut,,cigarplace,https://www.cigarplace.biz/all-brands/san-lotano-cigars/san-lotano-connecticut.html
San Lotano,Dominicano,,cigarplace,https://www.cigarplace.biz/all-brands/san-lotano-cigars/san-lotano-dominicano.html
San Lotano,Habano,,cigarplace,https://www.cigarplace.biz/all-brands/san-lotano-cigars/san-lotano-habano.html
San Lotano,Maduro,,cigarplace,https://www.cigarplace.biz/all-brands/san-lotano-cigars/san-lotano-maduro.html
San Lotano,Oval,,cigarplace,https://www.cigarplace.biz/all-brands/san-lotano-cigars/san-lotano-oval.html
San Lotano,Oval Maduro,,cigarplace,https://www.cigarplace.biz/all-brands/san-lotano-cigars/san-lotano-oval-maduro.html
San Lotano,The Bull,,cigarplace,https://www.cigarplace.biz/all-brands/san-lotano-cigars/san-lotano-the-bull.html
Sancho Panza,Double Maduro,,cigarplace,https://www.cigarplace.biz/all-brands/sancho-panza-cigars/sancho-panza-double-maduro.html
Sancho Panza,Extra Fuerte,,cigarplace,https://www.cigarplace.biz/all-brands/sancho-panza-cigars/sancho-panza-extra-fuerte.html
Sancho Panza,Limited Edition,,cigarpage,https://www.cigarpage.com/cigars/sancho-panza-limited-edition.html
Santos de Miami,(브랜드 단일),unknown,cigarplace,https://www.cigarplace.biz/all-brands/santos-de-miami.html
Sarzedas,(브랜드 단일),unknown,cigarpage+cigarplace,https://www.cigarplace.biz/all-brands/sarzedas.html
Seal of Minneapolis,(브랜드 단일),unknown,cigarpage,https://www.cigarpage.com/cigars/seal-of-minneapolis.html
Sencillo,Black,unknown,cigarpage,https://www.cigarpage.com/cigars/sencillo-black.html
Senorial,65th Anniversary,,cigarplace,https://www.cigarplace.biz/all-brands/senorial-cigars/senorial-65th-anniversary.html
Senorial,Maduro,,cigarplace,https://www.cigarplace.biz/all-brands/senorial-cigars/senorial-maduro.html
Sinistro,Habana Vieja,,cigarpage,https://www.cigarpage.com/cigars/sinistro-habana-vieja.html
Sinistro,Mr. Black,,cigarpage,https://www.cigarpage.com/cigars/sinistro-mr-black.html
Sinistro,Mr. White Gold Edition,,cigarpage,https://www.cigarpage.com/cigars/sinistro-white-gold-edition.html
Sobremesa,(브랜드 단일),,cigarplace,https://www.cigarplace.biz/all-brands/sobremesa.html
Sons of Anarchy,Clubhouse Edition Chapel,,cigarplace,https://www.cigarplace.biz/all-brands/sons-of-anarchy-cigars/sons-of-anarchy-clubhouse-edition-chapel.html
Southern Draw,Firethorn,,cigarpage,https://www.cigarpage.com/cigars/southern-draw-by-aj-fernandez-firethorn.html
Southern Draw,Manzanita,,cigarpage,https://www.cigarpage.com/cigars/southern-draw-by-aj-fernandez-manzanita.html
Southern Draw,Reserva 1836,,cigarpage,https://www.cigarpage.com/cigars/southern-draw-reserva-1836.html
Southern Draw Rose of Sharon,(브랜드 단일),,cigarplace,https://www.cigarplace.biz/all-brands/southern-draw-rose-of-sharon-13.html
Sublimes,Dunhill Heritage,,cigarplace,https://www.cigarplace.biz/all-brands/sublimes/dunhill-heritage.html
Sun Ray,(브랜드 단일),unknown,cigarpage,https://www.cigarpage.com/cigars/sun-ray.html
Tabacos Baez,Serie SF,unknown,cigarpage,https://www.cigarpage.com/cigars/tabacos-baez-serie-sf.html
Tabacos Baez Serie SF,(브랜드 단일),,cigarplace,https://www.cigarplace.biz/all-brands/tabacos-baez-serie-s-f.html
Tabak Especial,(브랜드 단일),infused,cigarplace,https://www.cigarplace.biz/all-brands/tabak-especial.html
Tambor,Bombero Blanco,unknown,cigarpage,https://www.cigarpage.com/cigars/tambor-bombero.html
Tatiana,Amaretto,infused,cigarpage,https://www.cigarpage.com/cigars/tatiana-amaretto.html
Tatiana,Cappuccino,infused,cigarpage,https://www.cigarpage.com/cigars/tatiana-cappuccino.html
Tatiana,Caribbean Chill,infused,cigarpage,https://www.cigarpage.com/cigars/tatiana-caribbean-chill.html
Tatiana,Cherry,infused,cigarpage,https://www.cigarpage.com/cigars/tatiana-cherry.html
Tatiana,Chocolate,infused,cigarpage,https://www.cigarpage.com/cigars/tatiana-chocolate.html
Tatiana,Cinnamon,infused,cigarpage,https://www.cigarpage.com/cigars/tatiana-cinnamon.html
Tatiana,Cognac,infused,cigarpage,https://www.cigarpage.com/cigars/tatiana-cognac.html
Tatiana,Fusion Frenzy,infused,cigarpage,https://www.cigarpage.com/cigars/tatiana-fusion-frenzy.html
Tatiana,Groovy Blue,infused,cigarpage,https://www.cigarpage.com/cigars/tatiana-groovy-blue.html
Tatiana,Harvest Moon,infused,cigarpage,https://www.cigarpage.com/cigars/tatiana-harvest-moon.html
Tatiana,Honey,infused,cigarpage,https://www.cigarpage.com/cigars/tatiana-honey.html
Tatiana,Night Cap,infused,cigarpage,https://www.cigarpage.com/cigars/tatiana-night-cap.html
Tatiana,Rum,infused,cigarpage,https://www.cigarpage.com/cigars/tatiana-rum.html
Tatiana,Sweet Euphoria,infused,cigarpage,https://www.cigarpage.com/cigars/tatiana-sweet-euphoria.html
Tatiana,Vanilla,infused,cigarpage,https://www.cigarpage.com/cigars/tatiana-vanilla.html
Tatiana,Waking Dream,infused,cigarpage,https://www.cigarpage.com/cigars/tatiana-waking-dream.html
Tatiana Flavored,(브랜드 단일),infused,cigarplace,https://www.cigarplace.biz/all-brands/tatiana-flavored-cigars.html
Tatuaje,10th Anniversary,,cigarplace,https://www.cigarplace.biz/all-brands/tatuaje-cigars/tatuaje-10th-anniversary.html
Tatuaje,15th Anniversary,,cigarplace,https://www.cigarplace.biz/all-brands/tatuaje-cigars/tatuaje-15th-anniversary.html
Tatuaje,Avion,,cigarpage+cigarplace,https://www.cigarplace.biz/all-brands/tatuaje-cigars/tatuaje-avion.html
Tatuaje,Black,,cigarpage,https://www.cigarpage.com/cigars/tatuaje-black.html
Tatuaje,Black Label,,cigarplace,https://www.cigarplace.biz/all-brands/tatuaje-cigars/tatuaje-black-label.html
Tatuaje,Cabaiguan,,cigarpage,https://www.cigarpage.com/cigars/tatuaje-cabaiguan.html
Tatuaje,Cojonu 2015,,cigarpage,https://www.cigarpage.com/cigars/tatuaje-cojonu-2015.html
Tatuaje,Cojonu 2015 Broadleaf,,cigarpage,https://www.cigarpage.com/cigars/tatuaje-cojonu-2015-broadleaf.html
Tatuaje,Cojonu 2018 Broadleaf,,cigarpage,https://www.cigarpage.com/cigars/tatuaje-cojonu-2018-broadleaf.html
Tatuaje,Corojo,,cigarpage,https://www.cigarpage.com/cigars/tatuaje-corojo.html
Tatuaje,Fausto,,cigarpage+cigarplace,https://www.cigarplace.biz/all-brands/tatuaje-cigars/tatuaje-fausto.html
Tatuaje,Havana VI,,cigarplace,https://www.cigarplace.biz/all-brands/tatuaje-cigars/tatuaje-havana-vi.html
Tatuaje,Havana VI Verocu,,cigarpage+cigarplace,https://www.cigarplace.biz/all-brands/tatuaje-cigars/tatuaje-havana-vi-verocu.html
Tatuaje,Miami,,cigarplace,https://www.cigarplace.biz/all-brands/tatuaje-cigars/tatuaje-miami.html
Tatuaje,Miami Cojonu 2009,,cigarpage,https://www.cigarpage.com/cigars/tatuaje-miami-cojonu-2009.html
Tatuaje,Miami Reserva,,cigarplace,https://www.cigarplace.biz/all-brands/tatuaje-cigars/tatuaje-miami-reserva.html
Tatuaje,Monsters,,cigarplace,https://www.cigarplace.biz/all-brands/tatuaje-cigars/tatuaje-monsters.html
Tatuaje,Nicaragua Cojonu 2012,,cigarpage,https://www.cigarpage.com/cigars/tatuaje-nicaragua-cojonu-2012.html
Tatuaje,Nuevitas,,cigarpage+cigarplace,https://www.cigarplace.biz/all-brands/tatuaje-cigars/tatuaje-nuevitas.html
Tatuaje,PCA 2025,,cigarpage,https://www.cigarpage.com/cigars/tatuaje-pca-2025.html
Tatuaje,Reserva,,cigarpage,https://www.cigarpage.com/cigars/tatuaje-reserva.html
Tatuaje,Reserva Broadleaf,,cigarplace,https://www.cigarplace.biz/all-brands/tatuaje-cigars/tatuaje-reserva-broadleaf.html
Tatuaje,Reserva Miami,,cigarpage,https://www.cigarpage.com/cigars/tatuaje-reserva-miami.html
Tatuaje,Series P,,cigarpage,https://www.cigarpage.com/cigars/tatuaje-series-p.html
Tatuaje,Series P Honduras,,cigarpage,https://www.cigarpage.com/cigars/tatuaje-series-p-honduras.html
Tatuaje,Series P Sumatra,,cigarplace,https://www.cigarplace.biz/all-brands/tatuaje-cigars/tatuaje-series-p-sumatra.html
Tatuaje,Tattoo,,cigarplace,https://www.cigarplace.biz/all-brands/tatuaje-cigars/tatuaje-tattoo.html
Te Amo Revolution,(브랜드 단일),,cigarplace,https://www.cigarplace.biz/all-brands/te-amo-revolution.html
Te Amo The Original San Andres,(브랜드 단일),,cigarplace,https://www.cigarplace.biz/all-brands/te-amo-the-original-san-andres.html
Te-Amo,The Original San Andres,,cigarpage,https://www.cigarpage.com/cigars/te-amo-the-original-san-andres.html
Teufel Hund,(브랜드 단일),unknown,cigarpage,https://www.cigarpage.com/cigars/teufel-hund.html
The Brand,Reserva,unknown,cigarpage,https://www.cigarpage.com/cigars/the-brand-reserva.html
The Brand,San Andres,unknown,cigarpage,https://www.cigarpage.com/cigars/the-brand-san-andres.html
The Founder,Serie I,,cigarpage,https://www.cigarpage.com/cigars/the-founder.html
The Griffin's,Natural,,cigarplace,https://www.cigarplace.biz/all-brands/the-griffin-s-cigars/the-griffin-s-natural.html
The King Is Dead,(브랜드 단일),,cigarplace,https://www.cigarplace.biz/all-brands/the-king-is-dead.html
The Oscar by Oscar Valladares,(브랜드 단일),,cigarplace,https://www.cigarplace.biz/all-brands/the-oscar-by-oscar-valladares.html
Thunder by Nimish,(브랜드 단일),,cigarplace,https://www.cigarplace.biz/all-brands/thunder-by-nimish.html
Toasty Jones,Barber Pole,unknown,cigarpage,https://www.cigarpage.com/cigars/toasty-jones-barber-pole.html
Toasty Jones,Connecticut,unknown,cigarpage,https://www.cigarpage.com/cigars/toasty-jones-connecticut.html
Toasty Jones,Habano,unknown,cigarpage,https://www.cigarpage.com/cigars/toasty-jones-habano.html
Toasty Jones,Maduro,unknown,cigarpage,https://www.cigarpage.com/cigars/toasty-jones-maduro.html
Torano,1916 Cameroon,,cigarplace,https://www.cigarplace.biz/all-brands/torano-cigars/torano-1916-cameroon.html
Torano,Casa Torano,,cigarplace,https://www.cigarplace.biz/all-brands/torano-cigars/torano-casa-torano.html
Torano,Exodus 1959,,cigarplace,https://www.cigarplace.biz/all-brands/torano-cigars/torano-exodus-1959.html
Torano,Exodus 1959 50 Years,,cigarplace,https://www.cigarplace.biz/all-brands/torano-cigars/torano-exodus-1959-50-years.html
Torano,Exodus 1959 Silver,,cigarplace,https://www.cigarplace.biz/all-brands/torano-cigars/torano-exodus-1959-silver.html
Torano,Hogshead,,cigarplace,https://www.cigarplace.biz/all-brands/torano-cigars/torano-hogshead.html
Torano,Loyal,,cigarplace,https://www.cigarplace.biz/all-brands/torano-cigars/torano-loyal.html
Torano,Master,,cigarplace,https://www.cigarplace.biz/all-brands/torano-cigars/torano-master.html
Torano,Master Habano Maduro,,cigarplace,https://www.cigarplace.biz/all-brands/torano-cigars/torano-master-habano-maduro.html
Torano,Noventa 90,,cigarplace,https://www.cigarplace.biz/all-brands/torano-cigars/torano-noventa-90.html
Torano,Reserva Selecta,,cigarplace,https://www.cigarplace.biz/all-brands/torano-cigars/torano-reserva-selecta.html
Torano,Salutem,,cigarplace,https://www.cigarplace.biz/all-brands/torano-cigars/torano-salutem.html
Torano,The Brick,,cigarplace,https://www.cigarplace.biz/all-brands/torano-cigars/torano-the-brick.html
Torano,Virtuoso,,cigarplace,https://www.cigarplace.biz/all-brands/torano-cigars/torano-virtuoso.html
Trinidad,Espiritu,,cigarplace,https://www.cigarplace.biz/all-brands/trinidad-cigars/trinidad-espiritu.html
Trinidad,Espiritu Series No. 1,,cigarpage,https://www.cigarpage.com/cigars/trinidad-espiritu-by-aj-fernandez.html
Trinidad,Espiritu Series No. 2,,cigarpage+cigarplace,https://www.cigarplace.biz/all-brands/trinidad-cigars/trinidad-espiritu-series-no-2.html
Trinidad,Espiritu Series No. 3,,cigarpage+cigarplace,https://www.cigarplace.biz/all-brands/trinidad-cigars/trinidad-espiritu-series-no-3.html
Trinidad,Paradox,,cigarplace,https://www.cigarplace.biz/all-brands/trinidad-cigars/trinidad-paradox.html
Trinidad,Santiago,,cigarplace,https://www.cigarplace.biz/all-brands/trinidad-cigars/trinidad-santiago.html
Trinidad,X Tommy Bahama Island Collection,,cigarpage+cigarplace,https://www.cigarplace.biz/all-brands/trinidad-cigars/trinidad-x-tommy-bahama-island-collection.html
Trinidad,y Cia,,cigarplace,https://www.cigarplace.biz/all-brands/trinidad-cigars/trinidad-y-cia.html
Unclaimed,Habano,unknown,cigarpage,https://www.cigarpage.com/cigars/unclaimed-habano.html
Unclaimed,Maduro,unknown,cigarpage,https://www.cigarpage.com/cigars/unclaimed-maduro.html
Untitled,Berserker,unknown,cigarpage,https://www.cigarpage.com/cigars/untitled-berserker.html
Vale,(브랜드 단일),unknown,cigarpage,https://www.cigarpage.com/cigars/vale.html
Vasa,(브랜드 단일),unknown,cigarpage,https://www.cigarpage.com/cigars/vasa.html
Vega Magna,(브랜드 단일),,cigarpage,https://www.cigarpage.com/vega-magna.html
VegaFina,1998,,cigarpage,https://www.cigarpage.com/cigars/vega-fina-1998.html
VegaFina,Nicaragua,,cigarpage,https://www.cigarpage.com/cigars/vega-fina-nicaragua.html
VegaFina,Sumum Edicion Especial 2010,,cigarpage,https://www.cigarpage.com/cigars/vega-fina-sumum-edicion-especial-2010.html
Viaje,Limited Edition,,cigarplace,https://www.cigarplace.biz/all-brands/viaje-cigars/viaje-limited-edition.html
Viaje,Platino,,cigarplace,https://www.cigarplace.biz/all-brands/viaje-cigars/viaje-platino.html
Viaje,Satori,,cigarplace,https://www.cigarplace.biz/all-brands/viaje-cigars/viaje-satori.html
Victor Sinclair Connecticut,(브랜드 단일),,cigarplace,https://www.cigarplace.biz/all-brands/victor-sinclair-connecticut.html
Villa Vieja,Green,unknown,cigarpage,https://www.cigarpage.com/cigars/villa-vieja-green.html
Villiger,1888 Nicaragua,,cigarpage+cigarplace,https://www.cigarplace.biz/all-brands/villiger-cigars/villiger-1888-nicaragua.html
Villiger,Braniff,,cigarpage,https://www.cigarpage.com/cigars/villiger-braniff.html
Villiger,Cuellar Black Forest,unknown,cigarplace,https://www.cigarplace.biz/all-brands/villiger-cigars/villiger-cuellar-black-forest.html
Villiger,Cuellar Caribe,,cigarpage,https://www.cigarpage.com/cigars/villiger-cuellar-caribe.html
Villiger,Cuellar Connecticut Kreme,infused,cigarplace,https://www.cigarplace.biz/all-brands/villiger-cigars/villiger-cuellar-connecticut-kreme.html
Villiger,La Flor de Ynclan,,cigarpage,https://www.cigarpage.com/cigars/villiger-la-flor-de-ynclan.html
Villiger,La Vencedora,,cigarpage,https://www.cigarpage.com/cigars/villiger-la-vencedora.html
Villiger,San'Doro Colorado,,cigarpage,https://www.cigarpage.com/cigars/villiger-san-doro-colorado.html
Villiger Flor de Ynclan,(브랜드 단일),,cigarplace,https://www.cigarplace.biz/all-brands/villiger-flor-de-ynclan.html
Villiger San'Doro Colorado,(브랜드 단일),,cigarplace,https://www.cigarplace.biz/all-brands/villiger-san-doro-colorado.html
Viva La Vida,Connecticut,,cigarplace,https://www.cigarplace.biz/all-brands/viva-la-vida-cigars/viva-la-vida-connecticut.html
Warlock,(브랜드 단일),,cigarplace,https://www.cigarplace.biz/all-brands/warlock.html
Warped,Chinchalle,,cigarplace,https://www.cigarplace.biz/all-brands/warped-cigars/warped-chinchalle.html
Warped,Cloud Hopper,,cigarpage+cigarplace,https://www.cigarplace.biz/all-brands/warped-cigars/warped-cloud-hopper.html
Warped,Corto,,cigarpage+cigarplace,https://www.cigarplace.biz/all-brands/warped-cigars/warped-corto.html
Warped,Corto Maduro,,cigarpage+cigarplace,https://www.cigarplace.biz/all-brands/warped-cigars/warped-corto-maduro.html
Warped,Don Reynaldo,,cigarpage,https://www.cigarpage.com/cigars/warped-don-reynaldo-le.html
Warped,Eagles Descent,,cigarplace,https://www.cigarplace.biz/all-brands/warped-cigars/warped-eagles-descent.html
Warped,Futuro,,cigarplace,https://www.cigarplace.biz/all-brands/warped-cigars/warped-futuro.html
Warped,Futuro Seleccion,,cigarpage,https://www.cigarpage.com/cigars/warped-futuro-seleccion.html
Warped,Isla del Cocodrilo,,cigarpage+cigarplace,https://www.cigarplace.biz/all-brands/warped-cigars/warped-isla-del-cocodrilo.html
Warped,KJG Seleccion Domain,,cigarpage,https://www.cigarpage.com/cigars/warped-seleccion-domain.html
Warped,La Hacienda,,cigarpage+cigarplace,https://www.cigarplace.biz/all-brands/warped-cigars/warped-la-hacienda.html
Warped,Maestro del Tiempo,,cigarpage,https://www.cigarpage.com/cigars/warped-maestro-del-tiempo.html
Warped,Nicotina,,cigarpage+cigarplace,https://www.cigarplace.biz/all-brands/warped-cigars/warped-nicotina.html
Warped,Sarto,,cigarpage,https://www.cigarpage.com/cigars/warped-sarto.html
Warped,Serie Gran Reserva 1988 GR88,,cigarpage,https://www.cigarpage.com/cigars/warped-serie-gran-reserva-1988-gr88.html
Warped,The Devil's Hands,,cigarplace,https://www.cigarplace.biz/all-brands/warped-cigars/warped-the-devil-s-hands-1.html
Warped,The Devil's Hands Limitada,,cigarpage,https://www.cigarpage.com/cigars/warped-the-devil-s-hands.html
Warped,Venture 1492,,cigarpage,https://www.cigarpage.com/cigars/warped-venture-1492.html
Warped Serie Gran Reserva 1988,(브랜드 단일),,cigarplace,https://www.cigarplace.biz/all-brands/warped-serie-gran-reserva-1988.html
Warzone,(브랜드 단일),,cigarplace,https://www.cigarplace.biz/all-brands/warzone.html
West Tampa Tobacco Co.,Black,,cigarpage,https://www.cigarpage.com/cigars/west-tampa-tobacco-co-black.html
West Tampa Tobacco Co.,Chef Rick,,cigarpage,https://www.cigarpage.com/cigars/west-tampa-tobacco-co-chef-rick.html
West Tampa Tobacco Co.,Circle of Life,,cigarpage,https://www.cigarpage.com/cigars/west-tampa-tobacco-co-circle-of-life.html
West Tampa Tobacco Co.,Devil Crab,,cigarpage,https://www.cigarpage.com/cigars/west-tampa-tobacco-co-devil-crab.html
West Tampa Tobacco Co.,Red,,cigarpage,https://www.cigarpage.com/cigars/west-tampa-tobacco-co-red.html
West Tampa Tobacco Co.,White,,cigarpage,https://www.cigarpage.com/cigars/west-tampa-tobacco-co-white.html
Wild Hunter Oscuro by Oscar Valladares,(브랜드 단일),,cigarplace,https://www.cigarplace.biz/all-brands/wild-hunter-oscuro-by-oscar-valladares.html
Wild Hunter Toro by Oscar Valladares,(브랜드 단일),,cigarplace,https://www.cigarplace.biz/all-brands/wild-hunter-toro-by-oscar-valladares.html
Winston Churchill,(브랜드 단일),,cigarplace,https://www.cigarplace.biz/all-brands/winston-churchill.html
Winston Churchill The Late Hour,(브랜드 단일),,cigarplace,https://www.cigarplace.biz/all-brands/winston-churchill-the-late-hour.html
Wynwood,Sumatra,,cigarpage,https://www.cigarpage.com/cigars/wynwood-hills-sumatra.html
Xen by Nish Patel,(브랜드 단일),,cigarplace,https://www.cigarplace.biz/all-brands/xen-by-nish-patel.html
Your Mom,(브랜드 단일),unknown,cigarpage,https://www.cigarpage.com/cigars/your-mom.html
Zino,Honduras,,cigarpage,https://www.cigarpage.com/cigars/zino-honduras.html
Zino,Nicaragua,,cigarpage+cigarplace,https://www.cigarplace.biz/all-brands/zino-cigars/zino-nicaragua.html
Zino,Platinum Crown Series,,cigarpage+cigarplace,https://www.cigarplace.biz/all-brands/zino-cigars/zino-platinum-crown-series.html
Zino,Platinum Scepter,,cigarplace,https://www.cigarplace.biz/all-brands/zino-cigars/zino-platinum-scepter.html
Zino,Platinum Scepter Series,,cigarpage,https://www.cigarpage.com/cigars/zino-platinum-scepter-series-chubby.html
Zino,Platinum Z Class,,cigarplace,https://www.cigarplace.biz/all-brands/zino-cigars/zino-platinum-z-class.html
